<Anims>
 <anim name="swap" root="ullapool_caber" numframes="1000" framerate="40">
  <frame idx="0" w="217" h="467" x="-17.028925" y="-156.369263">
   <element name="ullapool_caber" layername="timeline_0" frame="0" z_index="3" m_a="1.000000" m_b="0.000000" m_c="0.000000" m_d="1.000000" m_tx="3.986028" m_ty="-53.237526"/>
  </frame>
  <frame idx="25" w="217" h="467" x="-17.028925" y="-156.369263">
   <element name="ullapool_caber" layername="timeline_0" frame="0" z_index="3" m_a="1.000000" m_b="0.000000" m_c="0.000000" m_d="1.000000" m_tx="3.986028" m_ty="-53.237526"/>
  </frame>
  <frame idx="50" w="217" h="467" x="-17.028925" y="-156.369263">
   <element name="ullapool_caber" layername="timeline_0" frame="0" z_index="3" m_a="1.000000" m_b="0.000000" m_c="0.000000" m_d="1.000000" m_tx="3.986028" m_ty="-53.237526"/>
  </frame>
  <frame idx="75" w="217" h="467" x="-17.028925" y="-156.369263">
   <element name="ullapool_caber" layername="timeline_0" frame="0" z_index="3" m_a="1.000000" m_b="0.000000" m_c="0.000000" m_d="1.000000" m_tx="3.986028" m_ty="-53.237526"/>
  </frame>
  <frame idx="100" w="217" h="467" x="-17.028925" y="-156.369263">
   <element name="ullapool_caber" layername="timeline_0" frame="0" z_index="3" m_a="1.000000" m_b="0.000000" m_c="0.000000" m_d="1.000000" m_tx="3.986028" m_ty="-53.237526"/>
  </frame>
  <frame idx="125" w="217" h="467" x="-17.028925" y="-156.369263">
   <element name="ullapool_caber" layername="timeline_0" frame="0" z_index="3" m_a="1.000000" m_b="0.000000" m_c="0.000000" m_d="1.000000" m_tx="3.986028" m_ty="-53.237526"/>
  </frame>
  <frame idx="150" w="217" h="467" x="-17.028925" y="-156.369263">
   <element name="ullapool_caber" layername="timeline_0" frame="0" z_index="3" m_a="1.000000" m_b="0.000000" m_c="0.000000" m_d="1.000000" m_tx="3.986028" m_ty="-53.237526"/>
  </frame>
  <frame idx="175" w="217" h="467" x="-17.028925" y="-156.369263">
   <element name="ullapool_caber" layername="timeline_0" frame="0" z_index="3" m_a="1.000000" m_b="0.000000" m_c="0.000000" m_d="1.000000" m_tx="3.986028" m_ty="-53.237526"/>
  </frame>
  <frame idx="200" w="217" h="467" x="-17.028925" y="-156.369263">
   <element name="ullapool_caber" layername="timeline_0" frame="0" z_index="3" m_a="1.000000" m_b="0.000000" m_c="0.000000" m_d="1.000000" m_tx="3.986028" m_ty="-53.237526"/>
  </frame>
  <frame idx="225" w="217" h="467" x="-17.028925" y="-156.369263">
   <element name="ullapool_caber" layername="timeline_0" frame="0" z_index="3" m_a="1.000000" m_b="0.000000" m_c="0.000000" m_d="1.000000" m_tx="3.986028" m_ty="-53.237526"/>
  </frame>
  <frame idx="250" w="217" h="467" x="-17.028925" y="-156.369263">
   <element name="ullapool_caber" layername="timeline_0" frame="0" z_index="3" m_a="1.000000" m_b="0.000000" m_c="0.000000" m_d="1.000000" m_tx="3.986028" m_ty="-53.237526"/>
  </frame>
  <frame idx="275" w="217" h="467" x="-17.028925" y="-156.369263">
   <element name="ullapool_caber" layername="timeline_0" frame="0" z_index="3" m_a="1.000000" m_b="0.000000" m_c="0.000000" m_d="1.000000" m_tx="3.986028" m_ty="-53.237526"/>
  </frame>
  <frame idx="300" w="217" h="467" x="-17.028925" y="-156.369263">
   <element name="ullapool_caber" layername="timeline_0" frame="0" z_index="3" m_a="1.000000" m_b="0.000000" m_c="0.000000" m_d="1.000000" m_tx="3.986028" m_ty="-53.237526"/>
  </frame>
  <frame idx="325" w="217" h="467" x="-17.028925" y="-156.369263">
   <element name="ullapool_caber" layername="timeline_0" frame="0" z_index="3" m_a="1.000000" m_b="0.000000" m_c="0.000000" m_d="1.000000" m_tx="3.986028" m_ty="-53.237526"/>
  </frame>
  <frame idx="350" w="217" h="467" x="-17.028925" y="-156.369263">
   <element name="ullapool_caber" layername="timeline_0" frame="0" z_index="3" m_a="1.000000" m_b="0.000000" m_c="0.000000" m_d="1.000000" m_tx="3.986028" m_ty="-53.237526"/>
  </frame>
  <frame idx="375" w="217" h="467" x="-17.028925" y="-156.369263">
   <element name="ullapool_caber" layername="timeline_0" frame="0" z_index="3" m_a="1.000000" m_b="0.000000" m_c="0.000000" m_d="1.000000" m_tx="3.986028" m_ty="-53.237526"/>
  </frame>
  <frame idx="400" w="217" h="467" x="-17.028925" y="-156.369263">
   <element name="ullapool_caber" layername="timeline_0" frame="0" z_index="3" m_a="1.000000" m_b="0.000000" m_c="0.000000" m_d="1.000000" m_tx="3.986028" m_ty="-53.237526"/>
  </frame>
  <frame idx="425" w="217" h="467" x="-17.028925" y="-156.369263">
   <element name="ullapool_caber" layername="timeline_0" frame="0" z_index="3" m_a="1.000000" m_b="0.000000" m_c="0.000000" m_d="1.000000" m_tx="3.986028" m_ty="-53.237526"/>
  </frame>
  <frame idx="450" w="217" h="467" x="-17.028925" y="-156.369263">
   <element name="ullapool_caber" layername="timeline_0" frame="0" z_index="3" m_a="1.000000" m_b="0.000000" m_c="0.000000" m_d="1.000000" m_tx="3.986028" m_ty="-53.237526"/>
  </frame>
  <frame idx="475" w="217" h="467" x="-17.028925" y="-156.369263">
   <element name="ullapool_caber" layername="timeline_0" frame="0" z_index="3" m_a="1.000000" m_b="0.000000" m_c="0.000000" m_d="1.000000" m_tx="3.986028" m_ty="-53.237526"/>
  </frame>
  <frame idx="500" w="217" h="467" x="-17.028925" y="-156.369263">
   <element name="ullapool_caber" layername="timeline_0" frame="0" z_index="3" m_a="1.000000" m_b="0.000000" m_c="0.000000" m_d="1.000000" m_tx="3.986028" m_ty="-53.237526"/>
  </frame>
  <frame idx="525" w="217" h="467" x="-17.028925" y="-156.369263">
   <element name="ullapool_caber" layername="timeline_0" frame="0" z_index="3" m_a="1.000000" m_b="0.000000" m_c="0.000000" m_d="1.000000" m_tx="3.986028" m_ty="-53.237526"/>
  </frame>
  <frame idx="550" w="217" h="467" x="-17.028925" y="-156.369263">
   <element name="ullapool_caber" layername="timeline_0" frame="0" z_index="3" m_a="1.000000" m_b="0.000000" m_c="0.000000" m_d="1.000000" m_tx="3.986028" m_ty="-53.237526"/>
  </frame>
  <frame idx="575" w="217" h="467" x="-17.028925" y="-156.369263">
   <element name="ullapool_caber" layername="timeline_0" frame="0" z_index="3" m_a="1.000000" m_b="0.000000" m_c="0.000000" m_d="1.000000" m_tx="3.986028" m_ty="-53.237526"/>
  </frame>
  <frame idx="600" w="217" h="467" x="-17.028925" y="-156.369263">
   <element name="ullapool_caber" layername="timeline_0" frame="0" z_index="3" m_a="1.000000" m_b="0.000000" m_c="0.000000" m_d="1.000000" m_tx="3.986028" m_ty="-53.237526"/>
  </frame>
  <frame idx="625" w="217" h="467" x="-17.028925" y="-156.369263">
   <element name="ullapool_caber" layername="timeline_0" frame="0" z_index="3" m_a="1.000000" m_b="0.000000" m_c="0.000000" m_d="1.000000" m_tx="3.986028" m_ty="-53.237526"/>
  </frame>
  <frame idx="650" w="217" h="467" x="-17.028925" y="-156.369263">
   <element name="ullapool_caber" layername="timeline_0" frame="0" z_index="3" m_a="1.000000" m_b="0.000000" m_c="0.000000" m_d="1.000000" m_tx="3.986028" m_ty="-53.237526"/>
  </frame>
  <frame idx="675" w="217" h="467" x="-17.028925" y="-156.369263">
   <element name="ullapool_caber" layername="timeline_0" frame="0" z_index="3" m_a="1.000000" m_b="0.000000" m_c="0.000000" m_d="1.000000" m_tx="3.986028" m_ty="-53.237526"/>
  </frame>
  <frame idx="700" w="217" h="467" x="-17.028925" y="-156.369263">
   <element name="ullapool_caber" layername="timeline_0" frame="0" z_index="3" m_a="1.000000" m_b="0.000000" m_c="0.000000" m_d="1.000000" m_tx="3.986028" m_ty="-53.237526"/>
  </frame>
  <frame idx="725" w="217" h="467" x="-17.028925" y="-156.369263">
   <element name="ullapool_caber" layername="timeline_0" frame="0" z_index="3" m_a="1.000000" m_b="0.000000" m_c="0.000000" m_d="1.000000" m_tx="3.986028" m_ty="-53.237526"/>
  </frame>
  <frame idx="750" w="217" h="467" x="-17.028925" y="-156.369263">
   <element name="ullapool_caber" layername="timeline_0" frame="0" z_index="3" m_a="1.000000" m_b="0.000000" m_c="0.000000" m_d="1.000000" m_tx="3.986028" m_ty="-53.237526"/>
  </frame>
  <frame idx="775" w="217" h="467" x="-17.028925" y="-156.369263">
   <element name="ullapool_caber" layername="timeline_0" frame="0" z_index="3" m_a="1.000000" m_b="0.000000" m_c="0.000000" m_d="1.000000" m_tx="3.986028" m_ty="-53.237526"/>
  </frame>
  <frame idx="800" w="217" h="467" x="-17.028925" y="-156.369263">
   <element name="ullapool_caber" layername="timeline_0" frame="0" z_index="3" m_a="1.000000" m_b="0.000000" m_c="0.000000" m_d="1.000000" m_tx="3.986028" m_ty="-53.237526"/>
  </frame>
  <frame idx="825" w="217" h="467" x="-17.028925" y="-156.369263">
   <element name="ullapool_caber" layername="timeline_0" frame="0" z_index="3" m_a="1.000000" m_b="0.000000" m_c="0.000000" m_d="1.000000" m_tx="3.986028" m_ty="-53.237526"/>
  </frame>
  <frame idx="850" w="217" h="467" x="-17.028925" y="-156.369263">
   <element name="ullapool_caber" layername="timeline_0" frame="0" z_index="3" m_a="1.000000" m_b="0.000000" m_c="0.000000" m_d="1.000000" m_tx="3.986028" m_ty="-53.237526"/>
  </frame>
  <frame idx="875" w="217" h="467" x="-17.028925" y="-156.369263">
   <element name="ullapool_caber" layername="timeline_0" frame="0" z_index="3" m_a="1.000000" m_b="0.000000" m_c="0.000000" m_d="1.000000" m_tx="3.986028" m_ty="-53.237526"/>
  </frame>
  <frame idx="900" w="217" h="467" x="-17.028925" y="-156.369263">
   <element name="ullapool_caber" layername="timeline_0" frame="0" z_index="3" m_a="1.000000" m_b="0.000000" m_c="0.000000" m_d="1.000000" m_tx="3.986028" m_ty="-53.237526"/>
  </frame>
  <frame idx="925" w="217" h="467" x="-17.028925" y="-156.369263">
   <element name="ullapool_caber" layername="timeline_0" frame="0" z_index="3" m_a="1.000000" m_b="0.000000" m_c="0.000000" m_d="1.000000" m_tx="3.986028" m_ty="-53.237526"/>
  </frame>
  <frame idx="950" w="217" h="467" x="-17.028925" y="-156.369263">
   <element name="ullapool_caber" layername="timeline_0" frame="0" z_index="3" m_a="1.000000" m_b="0.000000" m_c="0.000000" m_d="1.000000" m_tx="3.986028" m_ty="-53.237526"/>
  </frame>
  <frame idx="975" w="217" h="467" x="-17.028925" y="-156.369263">
   <element name="ullapool_caber" layername="timeline_0" frame="0" z_index="3" m_a="1.000000" m_b="0.000000" m_c="0.000000" m_d="1.000000" m_tx="3.986028" m_ty="-53.237526"/>
  </frame>
 </anim>
 <anim name="spin_loop" root="ullapool_caber" numframes="450" framerate="40">
  <frame idx="0" w="162" h="346" x="-19.999962" y="-55.000050">
   <element name="ullapool_caber" layername="timeline_0" frame="1" z_index="3" m_a="1.000000" m_b="0.000000" m_c="0.000000" m_d="1.000000" m_tx="-3.025735" m_ty="-1.092937"/>
  </frame>
  <frame idx="25" w="51" h="391" x="-2.762538" y="-58.785980">
   <element name="ullapool_caber" layername="timeline_0" frame="1" z_index="3" m_a="0.946318" m_b="0.323238" m_c="-0.323238" m_d="0.946318" m_tx="-3.025735" m_ty="-1.092937"/>
  </frame>
  <frame idx="50" w="70" h="393" x="-53.701557" y="-55.920761">
   <element name="ullapool_caber" layername="timeline_0" frame="1" z_index="3" m_a="0.791035" m_b="0.611771" m_c="-0.611771" m_d="0.791035" m_tx="-3.025735" m_ty="-1.092937"/>
  </frame>
  <frame idx="75" w="180" h="353" x="-148.469147" y="-47.212006">
   <element name="ullapool_caber" layername="timeline_0" frame="1" z_index="3" m_a="0.550822" m_b="0.834622" m_c="-0.834622" m_d="0.550822" m_tx="-3.025735" m_ty="-1.092937"/>
  </frame>
  <frame idx="100" w="272" h="275" x="-228.231766" y="-33.718952">
   <element name="ullapool_caber" layername="timeline_0" frame="1" z_index="3" m_a="0.251472" m_b="0.967865" m_c="-0.967865" m_d="0.251472" m_tx="-3.025735" m_ty="-1.092937"/>
  </frame>
  <frame idx="125" w="335" h="166" x="-284.069183" y="-16.516670">
   <element name="ullapool_caber" layername="timeline_0" frame="1" z_index="3" m_a="-0.081858" m_b="0.996644" m_c="-0.996644" m_d="-0.081858" m_tx="-3.025735" m_ty="-1.092937"/>
  </frame>
  <frame idx="150" w="360" h="33" x="-308.762390" y="3.060079">
   <element name="ullapool_caber" layername="timeline_0" frame="1" z_index="3" m_a="-0.414150" m_b="0.910209" m_c="-0.910209" m_d="-0.414150" m_tx="-3.025735" m_ty="-1.092937"/>
  </frame>
  <frame idx="175" w="345" h="105" x="-297.949066" y="-81.995644">
   <element name="ullapool_caber" layername="timeline_0" frame="1" z_index="3" m_a="-0.697619" m_b="0.716469" m_c="-0.716469" m_d="-0.697619" m_tx="-3.025735" m_ty="-1.092937"/>
  </frame>
  <frame idx="200" w="287" h="230" x="-251.786118" y="-190.212128">
   <element name="ullapool_caber" layername="timeline_0" frame="1" z_index="3" m_a="-0.898846" m_b="0.438264" m_c="-0.438264" m_d="-0.898846" m_tx="-3.025735" m_ty="-1.092937"/>
  </frame>
  <frame idx="225" w="197" h="327" x="-176.626205" y="-276.160095">
   <element name="ullapool_caber" layername="timeline_0" frame="1" z_index="3" m_a="-0.994108" m_b="0.108393" m_c="-0.108393" m_d="-0.994108" m_tx="-3.025735" m_ty="-1.092937"/>
  </frame>
  <frame idx="250" w="83" h="387" x="-80.945763" y="-330.150299">
   <element name="ullapool_caber" layername="timeline_0" frame="1" z_index="3" m_a="-0.972175" m_b="-0.234256" m_c="0.234256" m_d="-0.972175" m_tx="-3.025735" m_ty="-1.092937"/>
  </frame>
  <frame idx="275" w="42" h="401" x="-17.303768" y="-345.407257">
   <element name="ullapool_caber" layername="timeline_0" frame="1" z_index="3" m_a="-0.835632" m_b="-0.549289" m_c="0.549289" m_d="-0.835632" m_tx="-3.025735" m_ty="-1.092937"/>
  </frame>
  <frame idx="300" w="161" h="369" x="-34.354095" y="-320.750275">
   <element name="ullapool_caber" layername="timeline_0" frame="1" z_index="3" m_a="-0.600577" m_b="-0.799567" m_c="0.799567" m_d="-0.600577" m_tx="-3.025735" m_ty="-1.092937"/>
  </frame>
  <frame idx="325" w="261" h="293" x="-47.802639" y="-258.291382">
   <element name="ullapool_caber" layername="timeline_0" frame="1" z_index="3" m_a="-0.294720" m_b="-0.955584" m_c="0.955584" m_d="-0.294720" m_tx="-3.025735" m_ty="-1.092937"/>
  </frame>
  <frame idx="350" w="332" h="178" x="-56.099091" y="-161.400726">
   <element name="ullapool_caber" layername="timeline_0" frame="1" z_index="3" m_a="0.061358" m_b="-0.998116" m_c="0.998116" m_d="0.061358" m_tx="-3.025735" m_ty="-1.092937"/>
  </frame>
  <frame idx="375" w="360" h="33" x="-57.049637" y="-38.415344">
   <element name="ullapool_caber" layername="timeline_0" frame="1" z_index="3" m_a="0.424805" m_b="-0.905285" m_c="0.905285" m_d="0.424805" m_tx="-3.025735" m_ty="-1.092937"/>
  </frame>
  <frame idx="400" w="339" h="117" x="-51.119751" y="-26.857111">
   <element name="ullapool_caber" layername="timeline_0" frame="1" z_index="3" m_a="0.728477" m_b="-0.685070" m_c="0.685070" m_d="0.728477" m_tx="-3.025735" m_ty="-1.092937"/>
  </frame>
  <frame idx="425" w="270" h="249" x="-37.932758" y="-43.967587">
   <element name="ullapool_caber" layername="timeline_0" frame="1" z_index="3" m_a="0.929644" m_b="-0.368458" m_c="0.368458" m_d="0.929644" m_tx="-3.025735" m_ty="-1.092937"/>
  </frame>
 </anim>
 <anim name="swap1" root="ullapool_caber" numframes="1000" framerate="40">
  <frame idx="0" w="109" h="233" x="-9.925295" y="-78.264938">
   <element name="ullapool_caber" layername="timeline_0" frame="0" z_index="3" m_a="0.500000" m_b="0.000000" m_c="0.000000" m_d="0.500000" m_tx="0.832182" m_ty="-26.699062"/>
  </frame>
  <frame idx="25" w="109" h="233" x="-9.925295" y="-78.264938">
   <element name="ullapool_caber" layername="timeline_0" frame="0" z_index="3" m_a="0.500000" m_b="0.000000" m_c="0.000000" m_d="0.500000" m_tx="0.832182" m_ty="-26.699062"/>
  </frame>
  <frame idx="50" w="109" h="233" x="-9.925295" y="-78.264938">
   <element name="ullapool_caber" layername="timeline_0" frame="0" z_index="3" m_a="0.500000" m_b="0.000000" m_c="0.000000" m_d="0.500000" m_tx="0.832182" m_ty="-26.699062"/>
  </frame>
  <frame idx="75" w="109" h="233" x="-9.925295" y="-78.264938">
   <element name="ullapool_caber" layername="timeline_0" frame="0" z_index="3" m_a="0.500000" m_b="0.000000" m_c="0.000000" m_d="0.500000" m_tx="0.832182" m_ty="-26.699062"/>
  </frame>
  <frame idx="100" w="109" h="233" x="-9.925295" y="-78.264938">
   <element name="ullapool_caber" layername="timeline_0" frame="0" z_index="3" m_a="0.500000" m_b="0.000000" m_c="0.000000" m_d="0.500000" m_tx="0.832182" m_ty="-26.699062"/>
  </frame>
  <frame idx="125" w="109" h="233" x="-9.925295" y="-78.264938">
   <element name="ullapool_caber" layername="timeline_0" frame="0" z_index="3" m_a="0.500000" m_b="0.000000" m_c="0.000000" m_d="0.500000" m_tx="0.832182" m_ty="-26.699062"/>
  </frame>
  <frame idx="150" w="109" h="233" x="-9.925295" y="-78.264938">
   <element name="ullapool_caber" layername="timeline_0" frame="0" z_index="3" m_a="0.500000" m_b="0.000000" m_c="0.000000" m_d="0.500000" m_tx="0.832182" m_ty="-26.699062"/>
  </frame>
  <frame idx="175" w="109" h="233" x="-9.925295" y="-78.264938">
   <element name="ullapool_caber" layername="timeline_0" frame="0" z_index="3" m_a="0.500000" m_b="0.000000" m_c="0.000000" m_d="0.500000" m_tx="0.832182" m_ty="-26.699062"/>
  </frame>
  <frame idx="200" w="109" h="233" x="-9.925295" y="-78.264938">
   <element name="ullapool_caber" layername="timeline_0" frame="0" z_index="3" m_a="0.500000" m_b="0.000000" m_c="0.000000" m_d="0.500000" m_tx="0.832182" m_ty="-26.699062"/>
  </frame>
  <frame idx="225" w="109" h="233" x="-9.925295" y="-78.264938">
   <element name="ullapool_caber" layername="timeline_0" frame="0" z_index="3" m_a="0.500000" m_b="0.000000" m_c="0.000000" m_d="0.500000" m_tx="0.832182" m_ty="-26.699062"/>
  </frame>
  <frame idx="250" w="109" h="233" x="-9.925295" y="-78.264938">
   <element name="ullapool_caber" layername="timeline_0" frame="0" z_index="3" m_a="0.500000" m_b="0.000000" m_c="0.000000" m_d="0.500000" m_tx="0.832182" m_ty="-26.699062"/>
  </frame>
  <frame idx="275" w="109" h="233" x="-9.925295" y="-78.264938">
   <element name="ullapool_caber" layername="timeline_0" frame="0" z_index="3" m_a="0.500000" m_b="0.000000" m_c="0.000000" m_d="0.500000" m_tx="0.832182" m_ty="-26.699062"/>
  </frame>
  <frame idx="300" w="109" h="233" x="-9.925295" y="-78.264938">
   <element name="ullapool_caber" layername="timeline_0" frame="0" z_index="3" m_a="0.500000" m_b="0.000000" m_c="0.000000" m_d="0.500000" m_tx="0.832182" m_ty="-26.699062"/>
  </frame>
  <frame idx="325" w="109" h="233" x="-9.925295" y="-78.264938">
   <element name="ullapool_caber" layername="timeline_0" frame="0" z_index="3" m_a="0.500000" m_b="0.000000" m_c="0.000000" m_d="0.500000" m_tx="0.832182" m_ty="-26.699062"/>
  </frame>
  <frame idx="350" w="109" h="233" x="-9.925295" y="-78.264938">
   <element name="ullapool_caber" layername="timeline_0" frame="0" z_index="3" m_a="0.500000" m_b="0.000000" m_c="0.000000" m_d="0.500000" m_tx="0.832182" m_ty="-26.699062"/>
  </frame>
  <frame idx="375" w="109" h="233" x="-9.925295" y="-78.264938">
   <element name="ullapool_caber" layername="timeline_0" frame="0" z_index="3" m_a="0.500000" m_b="0.000000" m_c="0.000000" m_d="0.500000" m_tx="0.832182" m_ty="-26.699062"/>
  </frame>
  <frame idx="400" w="109" h="233" x="-9.925295" y="-78.264938">
   <element name="ullapool_caber" layername="timeline_0" frame="0" z_index="3" m_a="0.500000" m_b="0.000000" m_c="0.000000" m_d="0.500000" m_tx="0.832182" m_ty="-26.699062"/>
  </frame>
  <frame idx="425" w="109" h="233" x="-9.925295" y="-78.264938">
   <element name="ullapool_caber" layername="timeline_0" frame="0" z_index="3" m_a="0.500000" m_b="0.000000" m_c="0.000000" m_d="0.500000" m_tx="0.832182" m_ty="-26.699062"/>
  </frame>
  <frame idx="450" w="109" h="233" x="-9.925295" y="-78.264938">
   <element name="ullapool_caber" layername="timeline_0" frame="0" z_index="3" m_a="0.500000" m_b="0.000000" m_c="0.000000" m_d="0.500000" m_tx="0.832182" m_ty="-26.699062"/>
  </frame>
  <frame idx="475" w="109" h="233" x="-9.925295" y="-78.264938">
   <element name="ullapool_caber" layername="timeline_0" frame="0" z_index="3" m_a="0.500000" m_b="0.000000" m_c="0.000000" m_d="0.500000" m_tx="0.832182" m_ty="-26.699062"/>
  </frame>
  <frame idx="500" w="109" h="233" x="-9.925295" y="-78.264938">
   <element name="ullapool_caber" layername="timeline_0" frame="0" z_index="3" m_a="0.500000" m_b="0.000000" m_c="0.000000" m_d="0.500000" m_tx="0.832182" m_ty="-26.699062"/>
  </frame>
  <frame idx="525" w="109" h="233" x="-9.925295" y="-78.264938">
   <element name="ullapool_caber" layername="timeline_0" frame="0" z_index="3" m_a="0.500000" m_b="0.000000" m_c="0.000000" m_d="0.500000" m_tx="0.832182" m_ty="-26.699062"/>
  </frame>
  <frame idx="550" w="109" h="233" x="-9.925295" y="-78.264938">
   <element name="ullapool_caber" layername="timeline_0" frame="0" z_index="3" m_a="0.500000" m_b="0.000000" m_c="0.000000" m_d="0.500000" m_tx="0.832182" m_ty="-26.699062"/>
  </frame>
  <frame idx="575" w="109" h="233" x="-9.925295" y="-78.264938">
   <element name="ullapool_caber" layername="timeline_0" frame="0" z_index="3" m_a="0.500000" m_b="0.000000" m_c="0.000000" m_d="0.500000" m_tx="0.832182" m_ty="-26.699062"/>
  </frame>
  <frame idx="600" w="109" h="233" x="-9.925295" y="-78.264938">
   <element name="ullapool_caber" layername="timeline_0" frame="0" z_index="3" m_a="0.500000" m_b="0.000000" m_c="0.000000" m_d="0.500000" m_tx="0.832182" m_ty="-26.699062"/>
  </frame>
  <frame idx="625" w="109" h="233" x="-9.925295" y="-78.264938">
   <element name="ullapool_caber" layername="timeline_0" frame="0" z_index="3" m_a="0.500000" m_b="0.000000" m_c="0.000000" m_d="0.500000" m_tx="0.832182" m_ty="-26.699062"/>
  </frame>
  <frame idx="650" w="109" h="233" x="-9.925295" y="-78.264938">
   <element name="ullapool_caber" layername="timeline_0" frame="0" z_index="3" m_a="0.500000" m_b="0.000000" m_c="0.000000" m_d="0.500000" m_tx="0.832182" m_ty="-26.699062"/>
  </frame>
  <frame idx="675" w="109" h="233" x="-9.925295" y="-78.264938">
   <element name="ullapool_caber" layername="timeline_0" frame="0" z_index="3" m_a="0.500000" m_b="0.000000" m_c="0.000000" m_d="0.500000" m_tx="0.832182" m_ty="-26.699062"/>
  </frame>
  <frame idx="700" w="109" h="233" x="-9.925295" y="-78.264938">
   <element name="ullapool_caber" layername="timeline_0" frame="0" z_index="3" m_a="0.500000" m_b="0.000000" m_c="0.000000" m_d="0.500000" m_tx="0.832182" m_ty="-26.699062"/>
  </frame>
  <frame idx="725" w="109" h="233" x="-9.925295" y="-78.264938">
   <element name="ullapool_caber" layername="timeline_0" frame="0" z_index="3" m_a="0.500000" m_b="0.000000" m_c="0.000000" m_d="0.500000" m_tx="0.832182" m_ty="-26.699062"/>
  </frame>
  <frame idx="750" w="109" h="233" x="-9.925295" y="-78.264938">
   <element name="ullapool_caber" layername="timeline_0" frame="0" z_index="3" m_a="0.500000" m_b="0.000000" m_c="0.000000" m_d="0.500000" m_tx="0.832182" m_ty="-26.699062"/>
  </frame>
  <frame idx="775" w="109" h="233" x="-9.925295" y="-78.264938">
   <element name="ullapool_caber" layername="timeline_0" frame="0" z_index="3" m_a="0.500000" m_b="0.000000" m_c="0.000000" m_d="0.500000" m_tx="0.832182" m_ty="-26.699062"/>
  </frame>
  <frame idx="800" w="109" h="233" x="-9.925295" y="-78.264938">
   <element name="ullapool_caber" layername="timeline_0" frame="0" z_index="3" m_a="0.500000" m_b="0.000000" m_c="0.000000" m_d="0.500000" m_tx="0.832182" m_ty="-26.699062"/>
  </frame>
  <frame idx="825" w="109" h="233" x="-9.925295" y="-78.264938">
   <element name="ullapool_caber" layername="timeline_0" frame="0" z_index="3" m_a="0.500000" m_b="0.000000" m_c="0.000000" m_d="0.500000" m_tx="0.832182" m_ty="-26.699062"/>
  </frame>
  <frame idx="850" w="109" h="233" x="-9.925295" y="-78.264938">
   <element name="ullapool_caber" layername="timeline_0" frame="0" z_index="3" m_a="0.500000" m_b="0.000000" m_c="0.000000" m_d="0.500000" m_tx="0.832182" m_ty="-26.699062"/>
  </frame>
  <frame idx="875" w="109" h="233" x="-9.925295" y="-78.264938">
   <element name="ullapool_caber" layername="timeline_0" frame="0" z_index="3" m_a="0.500000" m_b="0.000000" m_c="0.000000" m_d="0.500000" m_tx="0.832182" m_ty="-26.699062"/>
  </frame>
  <frame idx="900" w="109" h="233" x="-9.925295" y="-78.264938">
   <element name="ullapool_caber" layername="timeline_0" frame="0" z_index="3" m_a="0.500000" m_b="0.000000" m_c="0.000000" m_d="0.500000" m_tx="0.832182" m_ty="-26.699062"/>
  </frame>
  <frame idx="925" w="109" h="233" x="-9.925295" y="-78.264938">
   <element name="ullapool_caber" layername="timeline_0" frame="0" z_index="3" m_a="0.500000" m_b="0.000000" m_c="0.000000" m_d="0.500000" m_tx="0.832182" m_ty="-26.699062"/>
  </frame>
  <frame idx="950" w="109" h="233" x="-9.925295" y="-78.264938">
   <element name="ullapool_caber" layername="timeline_0" frame="0" z_index="3" m_a="0.500000" m_b="0.000000" m_c="0.000000" m_d="0.500000" m_tx="0.832182" m_ty="-26.699062"/>
  </frame>
  <frame idx="975" w="109" h="233" x="-9.925295" y="-78.264938">
   <element name="ullapool_caber" layername="timeline_0" frame="0" z_index="3" m_a="0.500000" m_b="0.000000" m_c="0.000000" m_d="0.500000" m_tx="0.832182" m_ty="-26.699062"/>
  </frame>
 </anim>
</Anims>
