<Anims>
 <anim name="idle" root="equalizer" numframes="1500" framerate="40">
  <frame idx="0" w="224" h="292" x="-13.284086" y="-95.320663">
   <element name="pickaxe01" layername="timeline_0" frame="0" z_index="1" m_a="1.000000" m_b="0.000000" m_c="0.000000" m_d="1.000000" m_tx="0.350000" m_ty="-0.349000"/>
  </frame>
  <frame idx="25" w="224" h="292" x="-13.284086" y="-95.320663">
   <element name="pickaxe01" layername="timeline_0" frame="0" z_index="1" m_a="1.000000" m_b="0.000000" m_c="0.000000" m_d="1.000000" m_tx="0.350000" m_ty="-0.349000"/>
  </frame>
  <frame idx="50" w="224" h="292" x="-13.284086" y="-95.320663">
   <element name="pickaxe01" layername="timeline_0" frame="0" z_index="1" m_a="1.000000" m_b="0.000000" m_c="0.000000" m_d="1.000000" m_tx="0.350000" m_ty="-0.349000"/>
  </frame>
  <frame idx="75" w="224" h="292" x="-13.284086" y="-95.320663">
   <element name="pickaxe01" layername="timeline_0" frame="0" z_index="1" m_a="1.000000" m_b="0.000000" m_c="0.000000" m_d="1.000000" m_tx="0.350000" m_ty="-0.349000"/>
  </frame>
  <frame idx="100" w="224" h="292" x="-13.284086" y="-95.320663">
   <element name="pickaxe01" layername="timeline_0" frame="0" z_index="1" m_a="1.000000" m_b="0.000000" m_c="0.000000" m_d="1.000000" m_tx="0.350000" m_ty="-0.349000"/>
  </frame>
  <frame idx="125" w="224" h="292" x="-13.284086" y="-95.320663">
   <element name="pickaxe01" layername="timeline_0" frame="0" z_index="1" m_a="1.000000" m_b="0.000000" m_c="0.000000" m_d="1.000000" m_tx="0.350000" m_ty="-0.349000"/>
  </frame>
  <frame idx="150" w="224" h="292" x="-13.284086" y="-95.320663">
   <element name="pickaxe01" layername="timeline_0" frame="0" z_index="1" m_a="1.000000" m_b="0.000000" m_c="0.000000" m_d="1.000000" m_tx="0.350000" m_ty="-0.349000"/>
  </frame>
  <frame idx="175" w="224" h="292" x="-13.284086" y="-95.320663">
   <element name="pickaxe01" layername="timeline_0" frame="0" z_index="1" m_a="1.000000" m_b="0.000000" m_c="0.000000" m_d="1.000000" m_tx="0.350000" m_ty="-0.349000"/>
  </frame>
  <frame idx="200" w="224" h="292" x="-13.284086" y="-95.320663">
   <element name="pickaxe01" layername="timeline_0" frame="0" z_index="1" m_a="1.000000" m_b="0.000000" m_c="0.000000" m_d="1.000000" m_tx="0.350000" m_ty="-0.349000"/>
  </frame>
  <frame idx="225" w="224" h="292" x="-13.284086" y="-95.320663">
   <element name="pickaxe01" layername="timeline_0" frame="0" z_index="1" m_a="1.000000" m_b="0.000000" m_c="0.000000" m_d="1.000000" m_tx="0.350000" m_ty="-0.349000"/>
  </frame>
  <frame idx="250" w="224" h="292" x="-13.284086" y="-95.320663">
   <element name="pickaxe01" layername="timeline_0" frame="0" z_index="1" m_a="1.000000" m_b="0.000000" m_c="0.000000" m_d="1.000000" m_tx="0.350000" m_ty="-0.349000"/>
  </frame>
  <frame idx="275" w="224" h="292" x="-13.284086" y="-95.320663">
   <element name="pickaxe01" layername="timeline_0" frame="0" z_index="1" m_a="1.000000" m_b="0.000000" m_c="0.000000" m_d="1.000000" m_tx="0.350000" m_ty="-0.349000"/>
  </frame>
  <frame idx="300" w="224" h="292" x="-13.284086" y="-95.320663">
   <element name="pickaxe01" layername="timeline_0" frame="0" z_index="1" m_a="1.000000" m_b="0.000000" m_c="0.000000" m_d="1.000000" m_tx="0.350000" m_ty="-0.349000"/>
  </frame>
  <frame idx="325" w="224" h="292" x="-13.284086" y="-95.320663">
   <element name="pickaxe01" layername="timeline_0" frame="0" z_index="1" m_a="1.000000" m_b="0.000000" m_c="0.000000" m_d="1.000000" m_tx="0.350000" m_ty="-0.349000"/>
  </frame>
  <frame idx="350" w="224" h="292" x="-13.284086" y="-95.320663">
   <element name="pickaxe01" layername="timeline_0" frame="0" z_index="1" m_a="1.000000" m_b="0.000000" m_c="0.000000" m_d="1.000000" m_tx="0.350000" m_ty="-0.349000"/>
  </frame>
  <frame idx="375" w="224" h="292" x="-13.284086" y="-95.320663">
   <element name="pickaxe01" layername="timeline_0" frame="0" z_index="1" m_a="1.000000" m_b="0.000000" m_c="0.000000" m_d="1.000000" m_tx="0.350000" m_ty="-0.349000"/>
  </frame>
  <frame idx="400" w="224" h="292" x="-13.284086" y="-95.320663">
   <element name="pickaxe01" layername="timeline_0" frame="0" z_index="1" m_a="1.000000" m_b="0.000000" m_c="0.000000" m_d="1.000000" m_tx="0.350000" m_ty="-0.349000"/>
  </frame>
  <frame idx="425" w="224" h="292" x="-13.284086" y="-95.320663">
   <element name="pickaxe01" layername="timeline_0" frame="0" z_index="1" m_a="1.000000" m_b="0.000000" m_c="0.000000" m_d="1.000000" m_tx="0.350000" m_ty="-0.349000"/>
  </frame>
  <frame idx="450" w="224" h="292" x="-13.284086" y="-95.320663">
   <element name="pickaxe01" layername="timeline_0" frame="0" z_index="1" m_a="1.000000" m_b="0.000000" m_c="0.000000" m_d="1.000000" m_tx="0.350000" m_ty="-0.349000"/>
  </frame>
  <frame idx="475" w="224" h="292" x="-13.284086" y="-95.320663">
   <element name="pickaxe01" layername="timeline_0" frame="0" z_index="1" m_a="1.000000" m_b="0.000000" m_c="0.000000" m_d="1.000000" m_tx="0.350000" m_ty="-0.349000"/>
  </frame>
  <frame idx="500" w="224" h="292" x="-13.284086" y="-95.320663">
   <element name="pickaxe01" layername="timeline_0" frame="0" z_index="1" m_a="1.000000" m_b="0.000000" m_c="0.000000" m_d="1.000000" m_tx="0.350000" m_ty="-0.349000"/>
  </frame>
  <frame idx="525" w="224" h="292" x="-13.284086" y="-95.320663">
   <element name="pickaxe01" layername="timeline_0" frame="0" z_index="1" m_a="1.000000" m_b="0.000000" m_c="0.000000" m_d="1.000000" m_tx="0.350000" m_ty="-0.349000"/>
  </frame>
  <frame idx="550" w="224" h="292" x="-13.284086" y="-95.320663">
   <element name="pickaxe01" layername="timeline_0" frame="0" z_index="1" m_a="1.000000" m_b="0.000000" m_c="0.000000" m_d="1.000000" m_tx="0.350000" m_ty="-0.349000"/>
  </frame>
  <frame idx="575" w="224" h="292" x="-13.284086" y="-95.320663">
   <element name="pickaxe01" layername="timeline_0" frame="0" z_index="1" m_a="1.000000" m_b="0.000000" m_c="0.000000" m_d="1.000000" m_tx="0.350000" m_ty="-0.349000"/>
  </frame>
  <frame idx="600" w="224" h="292" x="-13.284086" y="-95.320663">
   <element name="pickaxe01" layername="timeline_0" frame="0" z_index="1" m_a="1.000000" m_b="0.000000" m_c="0.000000" m_d="1.000000" m_tx="0.350000" m_ty="-0.349000"/>
  </frame>
  <frame idx="625" w="224" h="292" x="-13.284086" y="-95.320663">
   <element name="pickaxe01" layername="timeline_0" frame="0" z_index="1" m_a="1.000000" m_b="0.000000" m_c="0.000000" m_d="1.000000" m_tx="0.350000" m_ty="-0.349000"/>
  </frame>
  <frame idx="650" w="224" h="292" x="-13.284086" y="-95.320663">
   <element name="pickaxe01" layername="timeline_0" frame="0" z_index="1" m_a="1.000000" m_b="0.000000" m_c="0.000000" m_d="1.000000" m_tx="0.350000" m_ty="-0.349000"/>
  </frame>
  <frame idx="675" w="224" h="292" x="-13.284086" y="-95.320663">
   <element name="pickaxe01" layername="timeline_0" frame="0" z_index="1" m_a="1.000000" m_b="0.000000" m_c="0.000000" m_d="1.000000" m_tx="0.350000" m_ty="-0.349000"/>
  </frame>
  <frame idx="700" w="224" h="292" x="-13.284086" y="-95.320663">
   <element name="pickaxe01" layername="timeline_0" frame="0" z_index="1" m_a="1.000000" m_b="0.000000" m_c="0.000000" m_d="1.000000" m_tx="0.350000" m_ty="-0.349000"/>
  </frame>
  <frame idx="725" w="224" h="292" x="-13.284086" y="-95.320663">
   <element name="pickaxe01" layername="timeline_0" frame="0" z_index="1" m_a="1.000000" m_b="0.000000" m_c="0.000000" m_d="1.000000" m_tx="0.350000" m_ty="-0.349000"/>
  </frame>
  <frame idx="750" w="224" h="292" x="-13.284086" y="-95.320663">
   <element name="pickaxe01" layername="timeline_0" frame="0" z_index="1" m_a="1.000000" m_b="0.000000" m_c="0.000000" m_d="1.000000" m_tx="0.350000" m_ty="-0.349000"/>
  </frame>
  <frame idx="775" w="224" h="292" x="-13.284086" y="-95.320663">
   <element name="pickaxe01" layername="timeline_0" frame="0" z_index="1" m_a="1.000000" m_b="0.000000" m_c="0.000000" m_d="1.000000" m_tx="0.350000" m_ty="-0.349000"/>
  </frame>
  <frame idx="800" w="224" h="292" x="-13.284086" y="-95.320663">
   <element name="pickaxe01" layername="timeline_0" frame="0" z_index="1" m_a="1.000000" m_b="0.000000" m_c="0.000000" m_d="1.000000" m_tx="0.350000" m_ty="-0.349000"/>
  </frame>
  <frame idx="825" w="224" h="292" x="-13.284086" y="-95.320663">
   <element name="pickaxe01" layername="timeline_0" frame="0" z_index="1" m_a="1.000000" m_b="0.000000" m_c="0.000000" m_d="1.000000" m_tx="0.350000" m_ty="-0.349000"/>
  </frame>
  <frame idx="850" w="224" h="292" x="-13.284086" y="-95.320663">
   <element name="pickaxe01" layername="timeline_0" frame="0" z_index="1" m_a="1.000000" m_b="0.000000" m_c="0.000000" m_d="1.000000" m_tx="0.350000" m_ty="-0.349000"/>
  </frame>
  <frame idx="875" w="224" h="292" x="-13.284086" y="-95.320663">
   <element name="pickaxe01" layername="timeline_0" frame="0" z_index="1" m_a="1.000000" m_b="0.000000" m_c="0.000000" m_d="1.000000" m_tx="0.350000" m_ty="-0.349000"/>
  </frame>
  <frame idx="900" w="224" h="292" x="-13.284086" y="-95.320663">
   <element name="pickaxe01" layername="timeline_0" frame="0" z_index="1" m_a="1.000000" m_b="0.000000" m_c="0.000000" m_d="1.000000" m_tx="0.350000" m_ty="-0.349000"/>
  </frame>
  <frame idx="925" w="224" h="292" x="-13.284086" y="-95.320663">
   <element name="pickaxe01" layername="timeline_0" frame="0" z_index="1" m_a="1.000000" m_b="0.000000" m_c="0.000000" m_d="1.000000" m_tx="0.350000" m_ty="-0.349000"/>
  </frame>
  <frame idx="950" w="224" h="292" x="-13.284086" y="-95.320663">
   <element name="pickaxe01" layername="timeline_0" frame="0" z_index="1" m_a="1.000000" m_b="0.000000" m_c="0.000000" m_d="1.000000" m_tx="0.350000" m_ty="-0.349000"/>
  </frame>
  <frame idx="975" w="224" h="292" x="-13.284086" y="-95.320663">
   <element name="pickaxe01" layername="timeline_0" frame="0" z_index="1" m_a="1.000000" m_b="0.000000" m_c="0.000000" m_d="1.000000" m_tx="0.350000" m_ty="-0.349000"/>
  </frame>
  <frame idx="1000" w="224" h="292" x="-13.284086" y="-95.320663">
   <element name="pickaxe01" layername="timeline_0" frame="0" z_index="1" m_a="1.000000" m_b="0.000000" m_c="0.000000" m_d="1.000000" m_tx="0.350000" m_ty="-0.349000"/>
  </frame>
  <frame idx="1025" w="224" h="292" x="-13.284086" y="-95.320663">
   <element name="pickaxe01" layername="timeline_0" frame="0" z_index="1" m_a="1.000000" m_b="0.000000" m_c="0.000000" m_d="1.000000" m_tx="0.350000" m_ty="-0.349000"/>
  </frame>
  <frame idx="1050" w="224" h="292" x="-13.284086" y="-95.320663">
   <element name="pickaxe01" layername="timeline_0" frame="0" z_index="1" m_a="1.000000" m_b="0.000000" m_c="0.000000" m_d="1.000000" m_tx="0.350000" m_ty="-0.349000"/>
  </frame>
  <frame idx="1075" w="224" h="292" x="-13.284086" y="-95.320663">
   <element name="pickaxe01" layername="timeline_0" frame="0" z_index="1" m_a="1.000000" m_b="0.000000" m_c="0.000000" m_d="1.000000" m_tx="0.350000" m_ty="-0.349000"/>
  </frame>
  <frame idx="1100" w="224" h="292" x="-13.284086" y="-95.320663">
   <element name="pickaxe01" layername="timeline_0" frame="0" z_index="1" m_a="1.000000" m_b="0.000000" m_c="0.000000" m_d="1.000000" m_tx="0.350000" m_ty="-0.349000"/>
  </frame>
  <frame idx="1125" w="224" h="292" x="-13.284086" y="-95.320663">
   <element name="pickaxe01" layername="timeline_0" frame="0" z_index="1" m_a="1.000000" m_b="0.000000" m_c="0.000000" m_d="1.000000" m_tx="0.350000" m_ty="-0.349000"/>
  </frame>
  <frame idx="1150" w="224" h="292" x="-13.284086" y="-95.320663">
   <element name="pickaxe01" layername="timeline_0" frame="0" z_index="1" m_a="1.000000" m_b="0.000000" m_c="0.000000" m_d="1.000000" m_tx="0.350000" m_ty="-0.349000"/>
  </frame>
  <frame idx="1175" w="224" h="292" x="-13.284086" y="-95.320663">
   <element name="pickaxe01" layername="timeline_0" frame="0" z_index="1" m_a="1.000000" m_b="0.000000" m_c="0.000000" m_d="1.000000" m_tx="0.350000" m_ty="-0.349000"/>
  </frame>
  <frame idx="1200" w="224" h="292" x="-13.284086" y="-95.320663">
   <element name="pickaxe01" layername="timeline_0" frame="0" z_index="1" m_a="1.000000" m_b="0.000000" m_c="0.000000" m_d="1.000000" m_tx="0.350000" m_ty="-0.349000"/>
  </frame>
  <frame idx="1225" w="224" h="292" x="-13.284086" y="-95.320663">
   <element name="pickaxe01" layername="timeline_0" frame="0" z_index="1" m_a="1.000000" m_b="0.000000" m_c="0.000000" m_d="1.000000" m_tx="0.350000" m_ty="-0.349000"/>
  </frame>
  <frame idx="1250" w="224" h="292" x="-13.284086" y="-95.320663">
   <element name="pickaxe01" layername="timeline_0" frame="0" z_index="1" m_a="1.000000" m_b="0.000000" m_c="0.000000" m_d="1.000000" m_tx="0.350000" m_ty="-0.349000"/>
  </frame>
  <frame idx="1275" w="224" h="292" x="-13.284086" y="-95.320663">
   <element name="pickaxe01" layername="timeline_0" frame="0" z_index="1" m_a="1.000000" m_b="0.000000" m_c="0.000000" m_d="1.000000" m_tx="0.350000" m_ty="-0.349000"/>
  </frame>
  <frame idx="1300" w="224" h="292" x="-13.284086" y="-95.320663">
   <element name="pickaxe01" layername="timeline_0" frame="0" z_index="1" m_a="1.000000" m_b="0.000000" m_c="0.000000" m_d="1.000000" m_tx="0.350000" m_ty="-0.349000"/>
  </frame>
  <frame idx="1325" w="224" h="292" x="-13.284086" y="-95.320663">
   <element name="pickaxe01" layername="timeline_0" frame="0" z_index="1" m_a="1.000000" m_b="0.000000" m_c="0.000000" m_d="1.000000" m_tx="0.350000" m_ty="-0.349000"/>
  </frame>
  <frame idx="1350" w="224" h="292" x="-13.284086" y="-95.320663">
   <element name="pickaxe01" layername="timeline_0" frame="0" z_index="1" m_a="1.000000" m_b="0.000000" m_c="0.000000" m_d="1.000000" m_tx="0.350000" m_ty="-0.349000"/>
  </frame>
  <frame idx="1375" w="224" h="292" x="-13.284086" y="-95.320663">
   <element name="pickaxe01" layername="timeline_0" frame="0" z_index="1" m_a="1.000000" m_b="0.000000" m_c="0.000000" m_d="1.000000" m_tx="0.350000" m_ty="-0.349000"/>
  </frame>
  <frame idx="1400" w="224" h="292" x="-13.284086" y="-95.320663">
   <element name="pickaxe01" layername="timeline_0" frame="0" z_index="1" m_a="1.000000" m_b="0.000000" m_c="0.000000" m_d="1.000000" m_tx="0.350000" m_ty="-0.349000"/>
  </frame>
  <frame idx="1425" w="224" h="292" x="-13.284086" y="-95.320663">
   <element name="pickaxe01" layername="timeline_0" frame="0" z_index="1" m_a="1.000000" m_b="0.000000" m_c="0.000000" m_d="1.000000" m_tx="0.350000" m_ty="-0.349000"/>
  </frame>
  <frame idx="1450" w="224" h="292" x="-13.284086" y="-95.320663">
   <element name="pickaxe01" layername="timeline_0" frame="0" z_index="1" m_a="1.000000" m_b="0.000000" m_c="0.000000" m_d="1.000000" m_tx="0.350000" m_ty="-0.349000"/>
  </frame>
  <frame idx="1475" w="224" h="292" x="-13.284086" y="-95.320663">
   <element name="pickaxe01" layername="timeline_0" frame="0" z_index="1" m_a="1.000000" m_b="0.000000" m_c="0.000000" m_d="1.000000" m_tx="0.350000" m_ty="-0.349000"/>
  </frame>
 </anim>
</Anims>
