<Anims>
 <anim name="concheror_hp_fx" root="concheror_hp_fx" numframes="700" framerate="40">
  <frame idx="0" w="12" h="9" x="-59.792515" y="-56.867420">
   <element name="concheror_hp_fx" layername="timeline_0" frame="0" z_index="1" m_a="0.181761" m_b="0.000000" m_c="0.000000" m_d="0.181761" m_tx="-58.702217" m_ty="-55.934074"/>
  </frame>
  <frame idx="25" w="20" h="28" x="-60.842342" y="-68.648102">
   <element name="concheror_hp_fx" layername="timeline_0" frame="0" z_index="1" m_a="0.282058" m_b="0.000000" m_c="0.000000" m_d="0.282058" m_tx="-58.702217" m_ty="-66.251534"/>
  </frame>
  <frame idx="50" w="26" h="47" x="-61.392170" y="-80.428780">
   <element name="concheror_hp_fx" layername="timeline_0" frame="0" z_index="1" m_a="0.382355" m_b="0.000000" m_c="0.000000" m_d="0.382355" m_tx="-58.702217" m_ty="-76.568993"/>
  </frame>
  <frame idx="75" w="33" h="65" x="-61.941998" y="-92.209465">
   <element name="concheror_hp_fx" layername="timeline_0" frame="0" z_index="1" m_a="0.482652" m_b="0.000000" m_c="0.000000" m_d="0.482652" m_tx="-58.702217" m_ty="-86.886459"/>
  </frame>
  <frame idx="100" w="39" h="84" x="-62.491825" y="-103.990143">
   <element name="concheror_hp_fx" layername="timeline_0" frame="0" z_index="1" m_a="0.582949" m_b="0.000000" m_c="0.000000" m_d="0.582949" m_tx="-58.702217" m_ty="-97.203918"/>
  </frame>
  <frame idx="125" w="45" h="104" x="-63.041653" y="-116.270821">
   <element name="concheror_hp_fx" layername="timeline_0" frame="0" z_index="1" m_a="0.683245" m_b="0.000000" m_c="0.000000" m_d="0.683245" m_tx="-58.702217" m_ty="-107.521378"/>
  </frame>
  <frame idx="150" w="52" h="122" x="-63.591480" y="-128.051498">
   <element name="concheror_hp_fx" layername="timeline_0" frame="0" z_index="1" m_a="0.783542" m_b="0.000000" m_c="0.000000" m_d="0.783542" m_tx="-58.702217" m_ty="-117.838837"/>
  </frame>
  <frame idx="175" w="58" h="141" x="-64.141312" y="-139.832184">
   <element name="concheror_hp_fx" layername="timeline_0" frame="0" z_index="1" m_a="0.883839" m_b="0.000000" m_c="0.000000" m_d="0.883839" m_tx="-58.702217" m_ty="-128.156296"/>
  </frame>
  <frame idx="200" w="65" h="160" x="-64.691132" y="-151.612854">
   <element name="concheror_hp_fx" layername="timeline_0" frame="0" z_index="1" m_a="0.984136" m_b="0.000000" m_c="0.000000" m_d="0.984136" m_tx="-58.702217" m_ty="-138.473755"/>
  </frame>
  <frame idx="225" w="71" h="178" x="-65.240967" y="-163.393539">
   <element name="concheror_hp_fx" layername="timeline_0" frame="0" z_index="1" m_a="1.084433" m_b="0.000000" m_c="0.000000" m_d="1.084433" m_tx="-58.702217" m_ty="-148.791214"/>
  </frame>
  <frame idx="250" w="77" h="197" x="-65.790787" y="-175.174210">
   <element name="concheror_hp_fx" layername="timeline_0" frame="0" z_index="1" m_a="1.184730" m_b="0.000000" m_c="0.000000" m_d="1.184730" m_tx="-58.702217" m_ty="-159.108673"/>
  </frame>
  <frame idx="275" w="84" h="217" x="-66.340622" y="-187.454910">
   <element name="concheror_hp_fx" layername="timeline_0" frame="0" z_index="1" m_a="1.285027" m_b="0.000000" m_c="0.000000" m_d="1.285027" m_tx="-58.702217" m_ty="-169.426147"/>
  </frame>
  <frame idx="300" w="90" h="235" x="-66.890442" y="-199.235596">
   <element name="concheror_hp_fx" layername="timeline_0" frame="0" z_index="1" m_a="1.385324" m_b="0.000000" m_c="0.000000" m_d="1.385324" m_tx="-58.702217" m_ty="-179.743607"/>
  </frame>
  <frame idx="325" w="98" h="254" x="-67.940277" y="-211.016266">
   <element name="concheror_hp_fx" layername="timeline_0" frame="0" z_index="1" m_a="1.485621" m_b="0.000000" m_c="0.000000" m_d="1.485621" m_tx="-58.702217" m_ty="-190.061066"/>
  </frame>
  <frame idx="350" w="104" h="272" x="-68.490097" y="-222.796951">
   <element name="concheror_hp_fx" layername="timeline_0" frame="0" z_index="1" m_a="1.585917" m_b="0.000000" m_c="0.000000" m_d="1.585917" m_tx="-58.702217" m_ty="-200.378525"/>
  </frame>
  <frame idx="375" w="111" h="291" x="-69.039932" y="-234.577621">
   <element name="concheror_hp_fx" layername="timeline_0" frame="0" z_index="1" m_a="1.686214" m_b="0.000000" m_c="0.000000" m_d="1.686214" m_tx="-58.702217" m_ty="-210.695984"/>
  </frame>
  <frame idx="400" w="111" h="300" x="-69.045906" y="-242.000092">
   <element name="concheror_hp_fx" layername="timeline_0" frame="0" z_index="1" m_a="1.698250" m_b="0.000000" m_c="0.000000" m_d="1.698250" m_tx="-58.702217" m_ty="-217.622864"/>
  </frame>
  <frame idx="425" w="111" h="308" x="-69.045906" y="-249.464630">
   <element name="concheror_hp_fx" layername="timeline_0" frame="0" z_index="1" m_a="1.698250" m_b="0.000000" m_c="0.000000" m_d="1.698250" m_tx="-58.702217" m_ty="-224.087402"/>
  </frame>
  <frame idx="450" w="111" h="316" x="-69.045906" y="-256.429138">
   <element name="concheror_hp_fx" layername="timeline_0" frame="0" z_index="1" m_a="1.698250" m_b="0.000000" m_c="0.000000" m_d="1.698250" m_tx="-58.702217" m_ty="-230.551926"/>
  </frame>
  <frame idx="475" w="111" h="323" x="-69.045906" y="-263.393677">
   <element name="concheror_hp_fx" layername="timeline_0" frame="0" z_index="1" m_a="1.698250" m_b="0.000000" m_c="0.000000" m_d="1.698250" m_tx="-58.702217" m_ty="-237.016449"/>
  </frame>
  <frame idx="500" w="111" h="332" x="-69.045906" y="-270.858215">
   <element name="concheror_hp_fx" layername="timeline_0" frame="0" z_index="1" m_a="1.698250" m_b="0.000000" m_c="0.000000" m_d="1.698250" m_tx="-58.702217" m_ty="-243.480988"/>
  </frame>
  <frame idx="525" w="111" h="339" x="-69.045906" y="-277.822754">
   <element name="concheror_hp_fx" layername="timeline_0" frame="0" z_index="1" m_a="1.698250" m_b="0.000000" m_c="0.000000" m_d="1.698250" m_tx="-58.702217" m_ty="-249.945511"/>
  </frame>
  <frame idx="550" w="111" h="346" x="-69.045906" y="-284.787262">
   <element name="concheror_hp_fx" layername="timeline_0" frame="0" z_index="1" m_a="1.698250" m_b="0.000000" m_c="0.000000" m_d="1.698250" m_tx="-58.702217" m_ty="-256.410034"/>
  </frame>
  <frame idx="575" w="111" h="354" x="-69.045906" y="-291.751801">
   <element name="concheror_hp_fx" layername="timeline_0" frame="0" z_index="1" m_a="1.698250" m_b="0.000000" m_c="0.000000" m_d="1.698250" m_tx="-58.702217" m_ty="-262.874573"/>
  </frame>
  <frame idx="600" w="101" h="353" x="-67.972206" y="-298.278900">
   <element name="concheror_hp_fx" layername="timeline_0" frame="0" z_index="1" m_a="1.549902" m_b="0.000000" m_c="0.000000" m_d="1.549902" m_tx="-58.702217" m_ty="-269.347260"/>
  </frame>
  <frame idx="625" w="83" h="342" x="-66.330475" y="-303.863770">
   <element name="concheror_hp_fx" layername="timeline_0" frame="0" z_index="1" m_a="1.264616" m_b="0.000000" m_c="0.000000" m_d="1.264616" m_tx="-58.702217" m_ty="-275.827515"/>
  </frame>
  <frame idx="650" w="64" h="332" x="-64.688751" y="-309.948639">
   <element name="concheror_hp_fx" layername="timeline_0" frame="0" z_index="1" m_a="0.979331" m_b="0.000000" m_c="0.000000" m_d="0.979331" m_tx="-58.702217" m_ty="-282.307770"/>
  </frame>
  <frame idx="675" w="46" h="321" x="-63.047020" y="-315.533539">
   <element name="concheror_hp_fx" layername="timeline_0" frame="0" z_index="1" m_a="0.694045" m_b="0.000000" m_c="0.000000" m_d="0.694045" m_tx="-58.702217" m_ty="-288.788055"/>
  </frame>
 </anim>
</Anims>
