<Anims>
 <anim name="idle" root="swap_ullapool_caber_dud" numframes="1000" framerate="40">
  <frame idx="0" w="83" h="604" x="28.503899" y="-163.324188">
   <element name="swap_ullapool_caber_dud" layername="timeline_0" frame="0" z_index="2" m_a="0.981627" m_b="0.190809" m_c="-0.190809" m_d="0.981627" m_tx="21.011024" m_ty="0.654990"/>
  </frame>
  <frame idx="25" w="83" h="604" x="28.503899" y="-163.324188">
   <element name="swap_ullapool_caber_dud" layername="timeline_0" frame="0" z_index="2" m_a="0.981627" m_b="0.190809" m_c="-0.190809" m_d="0.981627" m_tx="21.011024" m_ty="0.654990"/>
  </frame>
  <frame idx="50" w="83" h="604" x="28.503899" y="-163.324188">
   <element name="swap_ullapool_caber_dud" layername="timeline_0" frame="0" z_index="2" m_a="0.981627" m_b="0.190809" m_c="-0.190809" m_d="0.981627" m_tx="21.011024" m_ty="0.654990"/>
  </frame>
  <frame idx="75" w="83" h="604" x="28.503899" y="-163.324188">
   <element name="swap_ullapool_caber_dud" layername="timeline_0" frame="0" z_index="2" m_a="0.981627" m_b="0.190809" m_c="-0.190809" m_d="0.981627" m_tx="21.011024" m_ty="0.654990"/>
  </frame>
  <frame idx="100" w="83" h="604" x="28.503899" y="-163.324188">
   <element name="swap_ullapool_caber_dud" layername="timeline_0" frame="0" z_index="2" m_a="0.981627" m_b="0.190809" m_c="-0.190809" m_d="0.981627" m_tx="21.011024" m_ty="0.654990"/>
  </frame>
  <frame idx="125" w="83" h="604" x="28.503899" y="-163.324188">
   <element name="swap_ullapool_caber_dud" layername="timeline_0" frame="0" z_index="2" m_a="0.981627" m_b="0.190809" m_c="-0.190809" m_d="0.981627" m_tx="21.011024" m_ty="0.654990"/>
  </frame>
  <frame idx="150" w="83" h="604" x="28.503899" y="-163.324188">
   <element name="swap_ullapool_caber_dud" layername="timeline_0" frame="0" z_index="2" m_a="0.981627" m_b="0.190809" m_c="-0.190809" m_d="0.981627" m_tx="21.011024" m_ty="0.654990"/>
  </frame>
  <frame idx="175" w="83" h="604" x="28.503899" y="-163.324188">
   <element name="swap_ullapool_caber_dud" layername="timeline_0" frame="0" z_index="2" m_a="0.981627" m_b="0.190809" m_c="-0.190809" m_d="0.981627" m_tx="21.011024" m_ty="0.654990"/>
  </frame>
  <frame idx="200" w="83" h="604" x="28.503899" y="-163.324188">
   <element name="swap_ullapool_caber_dud" layername="timeline_0" frame="0" z_index="2" m_a="0.981627" m_b="0.190809" m_c="-0.190809" m_d="0.981627" m_tx="21.011024" m_ty="0.654990"/>
  </frame>
  <frame idx="225" w="83" h="604" x="28.503899" y="-163.324188">
   <element name="swap_ullapool_caber_dud" layername="timeline_0" frame="0" z_index="2" m_a="0.981627" m_b="0.190809" m_c="-0.190809" m_d="0.981627" m_tx="21.011024" m_ty="0.654990"/>
  </frame>
  <frame idx="250" w="83" h="604" x="28.503899" y="-163.324188">
   <element name="swap_ullapool_caber_dud" layername="timeline_0" frame="0" z_index="2" m_a="0.981627" m_b="0.190809" m_c="-0.190809" m_d="0.981627" m_tx="21.011024" m_ty="0.654990"/>
  </frame>
  <frame idx="275" w="83" h="604" x="28.503899" y="-163.324188">
   <element name="swap_ullapool_caber_dud" layername="timeline_0" frame="0" z_index="2" m_a="0.981627" m_b="0.190809" m_c="-0.190809" m_d="0.981627" m_tx="21.011024" m_ty="0.654990"/>
  </frame>
  <frame idx="300" w="83" h="604" x="28.503899" y="-163.324188">
   <element name="swap_ullapool_caber_dud" layername="timeline_0" frame="0" z_index="2" m_a="0.981627" m_b="0.190809" m_c="-0.190809" m_d="0.981627" m_tx="21.011024" m_ty="0.654990"/>
  </frame>
  <frame idx="325" w="83" h="604" x="28.503899" y="-163.324188">
   <element name="swap_ullapool_caber_dud" layername="timeline_0" frame="0" z_index="2" m_a="0.981627" m_b="0.190809" m_c="-0.190809" m_d="0.981627" m_tx="21.011024" m_ty="0.654990"/>
  </frame>
  <frame idx="350" w="83" h="604" x="28.503899" y="-163.324188">
   <element name="swap_ullapool_caber_dud" layername="timeline_0" frame="0" z_index="2" m_a="0.981627" m_b="0.190809" m_c="-0.190809" m_d="0.981627" m_tx="21.011024" m_ty="0.654990"/>
  </frame>
  <frame idx="375" w="83" h="604" x="28.503899" y="-163.324188">
   <element name="swap_ullapool_caber_dud" layername="timeline_0" frame="0" z_index="2" m_a="0.981627" m_b="0.190809" m_c="-0.190809" m_d="0.981627" m_tx="21.011024" m_ty="0.654990"/>
  </frame>
  <frame idx="400" w="83" h="604" x="28.503899" y="-163.324188">
   <element name="swap_ullapool_caber_dud" layername="timeline_0" frame="0" z_index="2" m_a="0.981627" m_b="0.190809" m_c="-0.190809" m_d="0.981627" m_tx="21.011024" m_ty="0.654990"/>
  </frame>
  <frame idx="425" w="83" h="604" x="28.503899" y="-163.324188">
   <element name="swap_ullapool_caber_dud" layername="timeline_0" frame="0" z_index="2" m_a="0.981627" m_b="0.190809" m_c="-0.190809" m_d="0.981627" m_tx="21.011024" m_ty="0.654990"/>
  </frame>
  <frame idx="450" w="83" h="604" x="28.503899" y="-163.324188">
   <element name="swap_ullapool_caber_dud" layername="timeline_0" frame="0" z_index="2" m_a="0.981627" m_b="0.190809" m_c="-0.190809" m_d="0.981627" m_tx="21.011024" m_ty="0.654990"/>
  </frame>
  <frame idx="475" w="83" h="604" x="28.503899" y="-163.324188">
   <element name="swap_ullapool_caber_dud" layername="timeline_0" frame="0" z_index="2" m_a="0.981627" m_b="0.190809" m_c="-0.190809" m_d="0.981627" m_tx="21.011024" m_ty="0.654990"/>
  </frame>
  <frame idx="500" w="83" h="604" x="28.503899" y="-163.324188">
   <element name="swap_ullapool_caber_dud" layername="timeline_0" frame="0" z_index="2" m_a="0.981627" m_b="0.190809" m_c="-0.190809" m_d="0.981627" m_tx="21.011024" m_ty="0.654990"/>
  </frame>
  <frame idx="525" w="83" h="604" x="28.503899" y="-163.324188">
   <element name="swap_ullapool_caber_dud" layername="timeline_0" frame="0" z_index="2" m_a="0.981627" m_b="0.190809" m_c="-0.190809" m_d="0.981627" m_tx="21.011024" m_ty="0.654990"/>
  </frame>
  <frame idx="550" w="83" h="604" x="28.503899" y="-163.324188">
   <element name="swap_ullapool_caber_dud" layername="timeline_0" frame="0" z_index="2" m_a="0.981627" m_b="0.190809" m_c="-0.190809" m_d="0.981627" m_tx="21.011024" m_ty="0.654990"/>
  </frame>
  <frame idx="575" w="83" h="604" x="28.503899" y="-163.324188">
   <element name="swap_ullapool_caber_dud" layername="timeline_0" frame="0" z_index="2" m_a="0.981627" m_b="0.190809" m_c="-0.190809" m_d="0.981627" m_tx="21.011024" m_ty="0.654990"/>
  </frame>
  <frame idx="600" w="83" h="604" x="28.503899" y="-163.324188">
   <element name="swap_ullapool_caber_dud" layername="timeline_0" frame="0" z_index="2" m_a="0.981627" m_b="0.190809" m_c="-0.190809" m_d="0.981627" m_tx="21.011024" m_ty="0.654990"/>
  </frame>
  <frame idx="625" w="83" h="604" x="28.503899" y="-163.324188">
   <element name="swap_ullapool_caber_dud" layername="timeline_0" frame="0" z_index="2" m_a="0.981627" m_b="0.190809" m_c="-0.190809" m_d="0.981627" m_tx="21.011024" m_ty="0.654990"/>
  </frame>
  <frame idx="650" w="83" h="604" x="28.503899" y="-163.324188">
   <element name="swap_ullapool_caber_dud" layername="timeline_0" frame="0" z_index="2" m_a="0.981627" m_b="0.190809" m_c="-0.190809" m_d="0.981627" m_tx="21.011024" m_ty="0.654990"/>
  </frame>
  <frame idx="675" w="83" h="604" x="28.503899" y="-163.324188">
   <element name="swap_ullapool_caber_dud" layername="timeline_0" frame="0" z_index="2" m_a="0.981627" m_b="0.190809" m_c="-0.190809" m_d="0.981627" m_tx="21.011024" m_ty="0.654990"/>
  </frame>
  <frame idx="700" w="83" h="604" x="28.503899" y="-163.324188">
   <element name="swap_ullapool_caber_dud" layername="timeline_0" frame="0" z_index="2" m_a="0.981627" m_b="0.190809" m_c="-0.190809" m_d="0.981627" m_tx="21.011024" m_ty="0.654990"/>
  </frame>
  <frame idx="725" w="83" h="604" x="28.503899" y="-163.324188">
   <element name="swap_ullapool_caber_dud" layername="timeline_0" frame="0" z_index="2" m_a="0.981627" m_b="0.190809" m_c="-0.190809" m_d="0.981627" m_tx="21.011024" m_ty="0.654990"/>
  </frame>
  <frame idx="750" w="83" h="604" x="28.503899" y="-163.324188">
   <element name="swap_ullapool_caber_dud" layername="timeline_0" frame="0" z_index="2" m_a="0.981627" m_b="0.190809" m_c="-0.190809" m_d="0.981627" m_tx="21.011024" m_ty="0.654990"/>
  </frame>
  <frame idx="775" w="83" h="604" x="28.503899" y="-163.324188">
   <element name="swap_ullapool_caber_dud" layername="timeline_0" frame="0" z_index="2" m_a="0.981627" m_b="0.190809" m_c="-0.190809" m_d="0.981627" m_tx="21.011024" m_ty="0.654990"/>
  </frame>
  <frame idx="800" w="83" h="604" x="28.503899" y="-163.324188">
   <element name="swap_ullapool_caber_dud" layername="timeline_0" frame="0" z_index="2" m_a="0.981627" m_b="0.190809" m_c="-0.190809" m_d="0.981627" m_tx="21.011024" m_ty="0.654990"/>
  </frame>
  <frame idx="825" w="83" h="604" x="28.503899" y="-163.324188">
   <element name="swap_ullapool_caber_dud" layername="timeline_0" frame="0" z_index="2" m_a="0.981627" m_b="0.190809" m_c="-0.190809" m_d="0.981627" m_tx="21.011024" m_ty="0.654990"/>
  </frame>
  <frame idx="850" w="83" h="604" x="28.503899" y="-163.324188">
   <element name="swap_ullapool_caber_dud" layername="timeline_0" frame="0" z_index="2" m_a="0.981627" m_b="0.190809" m_c="-0.190809" m_d="0.981627" m_tx="21.011024" m_ty="0.654990"/>
  </frame>
  <frame idx="875" w="83" h="604" x="28.503899" y="-163.324188">
   <element name="swap_ullapool_caber_dud" layername="timeline_0" frame="0" z_index="2" m_a="0.981627" m_b="0.190809" m_c="-0.190809" m_d="0.981627" m_tx="21.011024" m_ty="0.654990"/>
  </frame>
  <frame idx="900" w="83" h="604" x="28.503899" y="-163.324188">
   <element name="swap_ullapool_caber_dud" layername="timeline_0" frame="0" z_index="2" m_a="0.981627" m_b="0.190809" m_c="-0.190809" m_d="0.981627" m_tx="21.011024" m_ty="0.654990"/>
  </frame>
  <frame idx="925" w="83" h="604" x="28.503899" y="-163.324188">
   <element name="swap_ullapool_caber_dud" layername="timeline_0" frame="0" z_index="2" m_a="0.981627" m_b="0.190809" m_c="-0.190809" m_d="0.981627" m_tx="21.011024" m_ty="0.654990"/>
  </frame>
  <frame idx="950" w="83" h="604" x="28.503899" y="-163.324188">
   <element name="swap_ullapool_caber_dud" layername="timeline_0" frame="0" z_index="2" m_a="0.981627" m_b="0.190809" m_c="-0.190809" m_d="0.981627" m_tx="21.011024" m_ty="0.654990"/>
  </frame>
  <frame idx="975" w="83" h="604" x="28.503899" y="-163.324188">
   <element name="swap_ullapool_caber_dud" layername="timeline_0" frame="0" z_index="2" m_a="0.981627" m_b="0.190809" m_c="-0.190809" m_d="0.981627" m_tx="21.011024" m_ty="0.654990"/>
  </frame>
 </anim>
 <anim name="BUILD" root="swap_ullapool_caber_dud" numframes="1000" framerate="40">
  <frame idx="0" w="39" h="128" x="22.823578" y="87.537369">
   <element name="swap_ullapool_caber_dud" layername="timeline_0" frame="0" z_index="2" m_a="0.489074" m_b="0.103956" m_c="-0.103956" m_d="0.489074" m_tx="18.087982" m_ty="155.141846"/>
  </frame>
  <frame idx="25" w="39" h="128" x="22.823578" y="87.537369">
   <element name="swap_ullapool_caber_dud" layername="timeline_0" frame="0" z_index="2" m_a="0.489074" m_b="0.103956" m_c="-0.103956" m_d="0.489074" m_tx="18.087982" m_ty="155.141846"/>
  </frame>
  <frame idx="50" w="39" h="128" x="22.823578" y="87.537369">
   <element name="swap_ullapool_caber_dud" layername="timeline_0" frame="0" z_index="2" m_a="0.489074" m_b="0.103956" m_c="-0.103956" m_d="0.489074" m_tx="18.087982" m_ty="155.141846"/>
  </frame>
  <frame idx="75" w="39" h="128" x="22.823578" y="87.537369">
   <element name="swap_ullapool_caber_dud" layername="timeline_0" frame="0" z_index="2" m_a="0.489074" m_b="0.103956" m_c="-0.103956" m_d="0.489074" m_tx="18.087982" m_ty="155.141846"/>
  </frame>
  <frame idx="100" w="39" h="128" x="22.823578" y="87.537369">
   <element name="swap_ullapool_caber_dud" layername="timeline_0" frame="0" z_index="2" m_a="0.489074" m_b="0.103956" m_c="-0.103956" m_d="0.489074" m_tx="18.087982" m_ty="155.141846"/>
  </frame>
  <frame idx="125" w="39" h="128" x="22.823578" y="87.537369">
   <element name="swap_ullapool_caber_dud" layername="timeline_0" frame="0" z_index="2" m_a="0.489074" m_b="0.103956" m_c="-0.103956" m_d="0.489074" m_tx="18.087982" m_ty="155.141846"/>
  </frame>
  <frame idx="150" w="39" h="128" x="22.823578" y="87.537369">
   <element name="swap_ullapool_caber_dud" layername="timeline_0" frame="0" z_index="2" m_a="0.489074" m_b="0.103956" m_c="-0.103956" m_d="0.489074" m_tx="18.087982" m_ty="155.141846"/>
  </frame>
  <frame idx="175" w="39" h="128" x="22.823578" y="87.537369">
   <element name="swap_ullapool_caber_dud" layername="timeline_0" frame="0" z_index="2" m_a="0.489074" m_b="0.103956" m_c="-0.103956" m_d="0.489074" m_tx="18.087982" m_ty="155.141846"/>
  </frame>
  <frame idx="200" w="39" h="128" x="22.823578" y="87.537369">
   <element name="swap_ullapool_caber_dud" layername="timeline_0" frame="0" z_index="2" m_a="0.489074" m_b="0.103956" m_c="-0.103956" m_d="0.489074" m_tx="18.087982" m_ty="155.141846"/>
  </frame>
  <frame idx="225" w="39" h="128" x="22.823578" y="87.537369">
   <element name="swap_ullapool_caber_dud" layername="timeline_0" frame="0" z_index="2" m_a="0.489074" m_b="0.103956" m_c="-0.103956" m_d="0.489074" m_tx="18.087982" m_ty="155.141846"/>
  </frame>
  <frame idx="250" w="39" h="128" x="22.823578" y="87.537369">
   <element name="swap_ullapool_caber_dud" layername="timeline_0" frame="0" z_index="2" m_a="0.489074" m_b="0.103956" m_c="-0.103956" m_d="0.489074" m_tx="18.087982" m_ty="155.141846"/>
  </frame>
  <frame idx="275" w="39" h="128" x="22.823578" y="87.537369">
   <element name="swap_ullapool_caber_dud" layername="timeline_0" frame="0" z_index="2" m_a="0.489074" m_b="0.103956" m_c="-0.103956" m_d="0.489074" m_tx="18.087982" m_ty="155.141846"/>
  </frame>
  <frame idx="300" w="39" h="128" x="22.823578" y="87.537369">
   <element name="swap_ullapool_caber_dud" layername="timeline_0" frame="0" z_index="2" m_a="0.489074" m_b="0.103956" m_c="-0.103956" m_d="0.489074" m_tx="18.087982" m_ty="155.141846"/>
  </frame>
  <frame idx="325" w="39" h="128" x="22.823578" y="87.537369">
   <element name="swap_ullapool_caber_dud" layername="timeline_0" frame="0" z_index="2" m_a="0.489074" m_b="0.103956" m_c="-0.103956" m_d="0.489074" m_tx="18.087982" m_ty="155.141846"/>
  </frame>
  <frame idx="350" w="39" h="128" x="22.823578" y="87.537369">
   <element name="swap_ullapool_caber_dud" layername="timeline_0" frame="0" z_index="2" m_a="0.489074" m_b="0.103956" m_c="-0.103956" m_d="0.489074" m_tx="18.087982" m_ty="155.141846"/>
  </frame>
  <frame idx="375" w="39" h="128" x="22.823578" y="87.537369">
   <element name="swap_ullapool_caber_dud" layername="timeline_0" frame="0" z_index="2" m_a="0.489074" m_b="0.103956" m_c="-0.103956" m_d="0.489074" m_tx="18.087982" m_ty="155.141846"/>
  </frame>
  <frame idx="400" w="39" h="128" x="22.823578" y="87.537369">
   <element name="swap_ullapool_caber_dud" layername="timeline_0" frame="0" z_index="2" m_a="0.489074" m_b="0.103956" m_c="-0.103956" m_d="0.489074" m_tx="18.087982" m_ty="155.141846"/>
  </frame>
  <frame idx="425" w="39" h="128" x="22.823578" y="87.537369">
   <element name="swap_ullapool_caber_dud" layername="timeline_0" frame="0" z_index="2" m_a="0.489074" m_b="0.103956" m_c="-0.103956" m_d="0.489074" m_tx="18.087982" m_ty="155.141846"/>
  </frame>
  <frame idx="450" w="39" h="128" x="22.823578" y="87.537369">
   <element name="swap_ullapool_caber_dud" layername="timeline_0" frame="0" z_index="2" m_a="0.489074" m_b="0.103956" m_c="-0.103956" m_d="0.489074" m_tx="18.087982" m_ty="155.141846"/>
  </frame>
  <frame idx="475" w="39" h="128" x="22.823578" y="87.537369">
   <element name="swap_ullapool_caber_dud" layername="timeline_0" frame="0" z_index="2" m_a="0.489074" m_b="0.103956" m_c="-0.103956" m_d="0.489074" m_tx="18.087982" m_ty="155.141846"/>
  </frame>
  <frame idx="500" w="39" h="128" x="22.823578" y="87.537369">
   <element name="swap_ullapool_caber_dud" layername="timeline_0" frame="0" z_index="2" m_a="0.489074" m_b="0.103956" m_c="-0.103956" m_d="0.489074" m_tx="18.087982" m_ty="155.141846"/>
  </frame>
  <frame idx="525" w="39" h="128" x="22.823578" y="87.537369">
   <element name="swap_ullapool_caber_dud" layername="timeline_0" frame="0" z_index="2" m_a="0.489074" m_b="0.103956" m_c="-0.103956" m_d="0.489074" m_tx="18.087982" m_ty="155.141846"/>
  </frame>
  <frame idx="550" w="39" h="128" x="22.823578" y="87.537369">
   <element name="swap_ullapool_caber_dud" layername="timeline_0" frame="0" z_index="2" m_a="0.489074" m_b="0.103956" m_c="-0.103956" m_d="0.489074" m_tx="18.087982" m_ty="155.141846"/>
  </frame>
  <frame idx="575" w="39" h="128" x="22.823578" y="87.537369">
   <element name="swap_ullapool_caber_dud" layername="timeline_0" frame="0" z_index="2" m_a="0.489074" m_b="0.103956" m_c="-0.103956" m_d="0.489074" m_tx="18.087982" m_ty="155.141846"/>
  </frame>
  <frame idx="600" w="39" h="128" x="22.823578" y="87.537369">
   <element name="swap_ullapool_caber_dud" layername="timeline_0" frame="0" z_index="2" m_a="0.489074" m_b="0.103956" m_c="-0.103956" m_d="0.489074" m_tx="18.087982" m_ty="155.141846"/>
  </frame>
  <frame idx="625" w="39" h="128" x="22.823578" y="87.537369">
   <element name="swap_ullapool_caber_dud" layername="timeline_0" frame="0" z_index="2" m_a="0.489074" m_b="0.103956" m_c="-0.103956" m_d="0.489074" m_tx="18.087982" m_ty="155.141846"/>
  </frame>
  <frame idx="650" w="39" h="128" x="22.823578" y="87.537369">
   <element name="swap_ullapool_caber_dud" layername="timeline_0" frame="0" z_index="2" m_a="0.489074" m_b="0.103956" m_c="-0.103956" m_d="0.489074" m_tx="18.087982" m_ty="155.141846"/>
  </frame>
  <frame idx="675" w="39" h="128" x="22.823578" y="87.537369">
   <element name="swap_ullapool_caber_dud" layername="timeline_0" frame="0" z_index="2" m_a="0.489074" m_b="0.103956" m_c="-0.103956" m_d="0.489074" m_tx="18.087982" m_ty="155.141846"/>
  </frame>
  <frame idx="700" w="39" h="128" x="22.823578" y="87.537369">
   <element name="swap_ullapool_caber_dud" layername="timeline_0" frame="0" z_index="2" m_a="0.489074" m_b="0.103956" m_c="-0.103956" m_d="0.489074" m_tx="18.087982" m_ty="155.141846"/>
  </frame>
  <frame idx="725" w="39" h="128" x="22.823578" y="87.537369">
   <element name="swap_ullapool_caber_dud" layername="timeline_0" frame="0" z_index="2" m_a="0.489074" m_b="0.103956" m_c="-0.103956" m_d="0.489074" m_tx="18.087982" m_ty="155.141846"/>
  </frame>
  <frame idx="750" w="39" h="128" x="22.823578" y="87.537369">
   <element name="swap_ullapool_caber_dud" layername="timeline_0" frame="0" z_index="2" m_a="0.489074" m_b="0.103956" m_c="-0.103956" m_d="0.489074" m_tx="18.087982" m_ty="155.141846"/>
  </frame>
  <frame idx="775" w="39" h="128" x="22.823578" y="87.537369">
   <element name="swap_ullapool_caber_dud" layername="timeline_0" frame="0" z_index="2" m_a="0.489074" m_b="0.103956" m_c="-0.103956" m_d="0.489074" m_tx="18.087982" m_ty="155.141846"/>
  </frame>
  <frame idx="800" w="39" h="128" x="22.823578" y="87.537369">
   <element name="swap_ullapool_caber_dud" layername="timeline_0" frame="0" z_index="2" m_a="0.489074" m_b="0.103956" m_c="-0.103956" m_d="0.489074" m_tx="18.087982" m_ty="155.141846"/>
  </frame>
  <frame idx="825" w="39" h="128" x="22.823578" y="87.537369">
   <element name="swap_ullapool_caber_dud" layername="timeline_0" frame="0" z_index="2" m_a="0.489074" m_b="0.103956" m_c="-0.103956" m_d="0.489074" m_tx="18.087982" m_ty="155.141846"/>
  </frame>
  <frame idx="850" w="39" h="128" x="22.823578" y="87.537369">
   <element name="swap_ullapool_caber_dud" layername="timeline_0" frame="0" z_index="2" m_a="0.489074" m_b="0.103956" m_c="-0.103956" m_d="0.489074" m_tx="18.087982" m_ty="155.141846"/>
  </frame>
  <frame idx="875" w="39" h="128" x="22.823578" y="87.537369">
   <element name="swap_ullapool_caber_dud" layername="timeline_0" frame="0" z_index="2" m_a="0.489074" m_b="0.103956" m_c="-0.103956" m_d="0.489074" m_tx="18.087982" m_ty="155.141846"/>
  </frame>
  <frame idx="900" w="39" h="128" x="22.823578" y="87.537369">
   <element name="swap_ullapool_caber_dud" layername="timeline_0" frame="0" z_index="2" m_a="0.489074" m_b="0.103956" m_c="-0.103956" m_d="0.489074" m_tx="18.087982" m_ty="155.141846"/>
  </frame>
  <frame idx="925" w="39" h="128" x="22.823578" y="87.537369">
   <element name="swap_ullapool_caber_dud" layername="timeline_0" frame="0" z_index="2" m_a="0.489074" m_b="0.103956" m_c="-0.103956" m_d="0.489074" m_tx="18.087982" m_ty="155.141846"/>
  </frame>
  <frame idx="950" w="39" h="128" x="22.823578" y="87.537369">
   <element name="swap_ullapool_caber_dud" layername="timeline_0" frame="0" z_index="2" m_a="0.489074" m_b="0.103956" m_c="-0.103956" m_d="0.489074" m_tx="18.087982" m_ty="155.141846"/>
  </frame>
  <frame idx="975" w="39" h="128" x="22.823578" y="87.537369">
   <element name="swap_ullapool_caber_dud" layername="timeline_0" frame="0" z_index="2" m_a="0.489074" m_b="0.103956" m_c="-0.103956" m_d="0.489074" m_tx="18.087982" m_ty="155.141846"/>
  </frame>
 </anim>
</Anims>
