<Anims>
 <anim name="anim" root="battalions_backup_ground" numframes="2000" framerate="40">
  <frame idx="0" w="251" h="332" x="-19.248119" y="-101.328720">
   <element name="battalions_backup" layername="timeline_0" frame="0" z_index="1" m_a="0.999997" m_b="0.002543" m_c="-0.002543" m_d="0.999997" m_tx="1.751880" m_ty="-73.328720"/>
  </frame>
  <frame idx="25" w="251" h="332" x="-19.248119" y="-101.369774">
   <element name="battalions_backup" layername="timeline_0" frame="0" z_index="1" m_a="0.999997" m_b="0.002543" m_c="-0.002543" m_d="0.999997" m_tx="1.751880" m_ty="-73.369774"/>
  </frame>
  <frame idx="50" w="251" h="332" x="-19.248119" y="-101.410820">
   <element name="battalions_backup" layername="timeline_0" frame="0" z_index="1" m_a="0.999997" m_b="0.002543" m_c="-0.002543" m_d="0.999997" m_tx="1.751880" m_ty="-73.410820"/>
  </frame>
  <frame idx="75" w="251" h="332" x="-19.248119" y="-101.451874">
   <element name="battalions_backup" layername="timeline_0" frame="0" z_index="1" m_a="0.999997" m_b="0.002543" m_c="-0.002543" m_d="0.999997" m_tx="1.751880" m_ty="-73.451874"/>
  </frame>
  <frame idx="100" w="251" h="332" x="-19.248119" y="-101.492920">
   <element name="battalions_backup" layername="timeline_0" frame="0" z_index="1" m_a="0.999997" m_b="0.002543" m_c="-0.002543" m_d="0.999997" m_tx="1.751880" m_ty="-73.492920"/>
  </frame>
  <frame idx="125" w="251" h="332" x="-19.248119" y="-101.533974">
   <element name="battalions_backup" layername="timeline_0" frame="0" z_index="1" m_a="0.999997" m_b="0.002543" m_c="-0.002543" m_d="0.999997" m_tx="1.751880" m_ty="-73.533974"/>
  </frame>
  <frame idx="150" w="251" h="332" x="-19.248119" y="-101.575027">
   <element name="battalions_backup" layername="timeline_0" frame="0" z_index="1" m_a="0.999997" m_b="0.002543" m_c="-0.002543" m_d="0.999997" m_tx="1.751880" m_ty="-73.575027"/>
  </frame>
  <frame idx="175" w="251" h="332" x="-19.248119" y="-101.616074">
   <element name="battalions_backup" layername="timeline_0" frame="0" z_index="1" m_a="0.999997" m_b="0.002543" m_c="-0.002543" m_d="0.999997" m_tx="1.751880" m_ty="-73.616074"/>
  </frame>
  <frame idx="200" w="251" h="332" x="-19.248119" y="-101.657127">
   <element name="battalions_backup" layername="timeline_0" frame="0" z_index="1" m_a="0.999997" m_b="0.002543" m_c="-0.002543" m_d="0.999997" m_tx="1.751880" m_ty="-73.657127"/>
  </frame>
  <frame idx="225" w="251" h="332" x="-19.248119" y="-101.698181">
   <element name="battalions_backup" layername="timeline_0" frame="0" z_index="1" m_a="0.999997" m_b="0.002543" m_c="-0.002543" m_d="0.999997" m_tx="1.751880" m_ty="-73.698181"/>
  </frame>
  <frame idx="250" w="251" h="333" x="-19.248119" y="-101.739227">
   <element name="battalions_backup" layername="timeline_0" frame="0" z_index="1" m_a="0.999997" m_b="0.002543" m_c="-0.002543" m_d="0.999997" m_tx="1.751880" m_ty="-73.739227"/>
  </frame>
  <frame idx="275" w="251" h="333" x="-19.248119" y="-101.780281">
   <element name="battalions_backup" layername="timeline_0" frame="0" z_index="1" m_a="0.999997" m_b="0.002543" m_c="-0.002543" m_d="0.999997" m_tx="1.751880" m_ty="-73.780281"/>
  </frame>
  <frame idx="300" w="251" h="333" x="-19.248119" y="-101.821327">
   <element name="battalions_backup" layername="timeline_0" frame="0" z_index="1" m_a="0.999997" m_b="0.002543" m_c="-0.002543" m_d="0.999997" m_tx="1.751880" m_ty="-73.821327"/>
  </frame>
  <frame idx="325" w="251" h="333" x="-19.248119" y="-101.862381">
   <element name="battalions_backup" layername="timeline_0" frame="0" z_index="1" m_a="0.999997" m_b="0.002543" m_c="-0.002543" m_d="0.999997" m_tx="1.751880" m_ty="-73.862381"/>
  </frame>
  <frame idx="350" w="251" h="333" x="-19.248119" y="-101.903435">
   <element name="battalions_backup" layername="timeline_0" frame="0" z_index="1" m_a="0.999997" m_b="0.002543" m_c="-0.002543" m_d="0.999997" m_tx="1.751880" m_ty="-73.903435"/>
  </frame>
  <frame idx="375" w="251" h="333" x="-19.248119" y="-101.944481">
   <element name="battalions_backup" layername="timeline_0" frame="0" z_index="1" m_a="0.999997" m_b="0.002543" m_c="-0.002543" m_d="0.999997" m_tx="1.751880" m_ty="-73.944481"/>
  </frame>
  <frame idx="400" w="251" h="333" x="-19.248119" y="-101.985535">
   <element name="battalions_backup" layername="timeline_0" frame="0" z_index="1" m_a="0.999997" m_b="0.002543" m_c="-0.002543" m_d="0.999997" m_tx="1.751880" m_ty="-73.985535"/>
  </frame>
  <frame idx="425" w="251" h="333" x="-19.248119" y="-102.026588">
   <element name="battalions_backup" layername="timeline_0" frame="0" z_index="1" m_a="0.999997" m_b="0.002543" m_c="-0.002543" m_d="0.999997" m_tx="1.751880" m_ty="-74.026588"/>
  </frame>
  <frame idx="450" w="251" h="333" x="-19.248119" y="-102.067635">
   <element name="battalions_backup" layername="timeline_0" frame="0" z_index="1" m_a="0.999997" m_b="0.002543" m_c="-0.002543" m_d="0.999997" m_tx="1.751880" m_ty="-74.067635"/>
  </frame>
  <frame idx="475" w="251" h="333" x="-19.248119" y="-102.108688">
   <element name="battalions_backup" layername="timeline_0" frame="0" z_index="1" m_a="0.999997" m_b="0.002543" m_c="-0.002543" m_d="0.999997" m_tx="1.751880" m_ty="-74.108688"/>
  </frame>
  <frame idx="500" w="251" h="333" x="-19.248119" y="-102.149734">
   <element name="battalions_backup" layername="timeline_0" frame="0" z_index="1" m_a="0.999997" m_b="0.002543" m_c="-0.002543" m_d="0.999997" m_tx="1.751880" m_ty="-74.149734"/>
  </frame>
  <frame idx="525" w="251" h="333" x="-19.248119" y="-102.190788">
   <element name="battalions_backup" layername="timeline_0" frame="0" z_index="1" m_a="0.999997" m_b="0.002543" m_c="-0.002543" m_d="0.999997" m_tx="1.751880" m_ty="-74.190788"/>
  </frame>
  <frame idx="550" w="251" h="333" x="-19.248119" y="-102.231842">
   <element name="battalions_backup" layername="timeline_0" frame="0" z_index="1" m_a="0.999997" m_b="0.002543" m_c="-0.002543" m_d="0.999997" m_tx="1.751880" m_ty="-74.231842"/>
  </frame>
  <frame idx="575" w="251" h="333" x="-19.248119" y="-102.272888">
   <element name="battalions_backup" layername="timeline_0" frame="0" z_index="1" m_a="0.999997" m_b="0.002543" m_c="-0.002543" m_d="0.999997" m_tx="1.751880" m_ty="-74.272888"/>
  </frame>
  <frame idx="600" w="251" h="333" x="-19.248119" y="-102.313942">
   <element name="battalions_backup" layername="timeline_0" frame="0" z_index="1" m_a="0.999997" m_b="0.002543" m_c="-0.002543" m_d="0.999997" m_tx="1.751880" m_ty="-74.313942"/>
  </frame>
  <frame idx="625" w="251" h="333" x="-19.248119" y="-102.317215">
   <element name="battalions_backup" layername="timeline_0" frame="0" z_index="1" m_a="0.999997" m_b="0.002543" m_c="-0.002543" m_d="0.999997" m_tx="1.751880" m_ty="-74.317215"/>
  </frame>
  <frame idx="650" w="251" h="333" x="-19.248119" y="-102.299248">
   <element name="battalions_backup" layername="timeline_0" frame="0" z_index="1" m_a="0.999997" m_b="0.002543" m_c="-0.002543" m_d="0.999997" m_tx="1.751880" m_ty="-74.299248"/>
  </frame>
  <frame idx="675" w="251" h="333" x="-19.248119" y="-102.281273">
   <element name="battalions_backup" layername="timeline_0" frame="0" z_index="1" m_a="0.999997" m_b="0.002543" m_c="-0.002543" m_d="0.999997" m_tx="1.751880" m_ty="-74.281273"/>
  </frame>
  <frame idx="700" w="251" h="333" x="-19.248119" y="-102.263298">
   <element name="battalions_backup" layername="timeline_0" frame="0" z_index="1" m_a="0.999997" m_b="0.002543" m_c="-0.002543" m_d="0.999997" m_tx="1.751880" m_ty="-74.263298"/>
  </frame>
  <frame idx="725" w="251" h="333" x="-19.248119" y="-102.245323">
   <element name="battalions_backup" layername="timeline_0" frame="0" z_index="1" m_a="0.999997" m_b="0.002543" m_c="-0.002543" m_d="0.999997" m_tx="1.751880" m_ty="-74.245323"/>
  </frame>
  <frame idx="750" w="251" h="333" x="-19.248119" y="-102.227356">
   <element name="battalions_backup" layername="timeline_0" frame="0" z_index="1" m_a="0.999997" m_b="0.002543" m_c="-0.002543" m_d="0.999997" m_tx="1.751880" m_ty="-74.227356"/>
  </frame>
  <frame idx="775" w="251" h="333" x="-19.248119" y="-102.209381">
   <element name="battalions_backup" layername="timeline_0" frame="0" z_index="1" m_a="0.999997" m_b="0.002543" m_c="-0.002543" m_d="0.999997" m_tx="1.751880" m_ty="-74.209381"/>
  </frame>
  <frame idx="800" w="251" h="333" x="-19.248119" y="-102.191406">
   <element name="battalions_backup" layername="timeline_0" frame="0" z_index="1" m_a="0.999997" m_b="0.002543" m_c="-0.002543" m_d="0.999997" m_tx="1.751880" m_ty="-74.191406"/>
  </frame>
  <frame idx="825" w="251" h="333" x="-19.248119" y="-102.173439">
   <element name="battalions_backup" layername="timeline_0" frame="0" z_index="1" m_a="0.999997" m_b="0.002543" m_c="-0.002543" m_d="0.999997" m_tx="1.751880" m_ty="-74.173439"/>
  </frame>
  <frame idx="850" w="251" h="333" x="-19.248119" y="-102.155464">
   <element name="battalions_backup" layername="timeline_0" frame="0" z_index="1" m_a="0.999997" m_b="0.002543" m_c="-0.002543" m_d="0.999997" m_tx="1.751880" m_ty="-74.155464"/>
  </frame>
  <frame idx="875" w="251" h="333" x="-19.248119" y="-102.137489">
   <element name="battalions_backup" layername="timeline_0" frame="0" z_index="1" m_a="0.999997" m_b="0.002543" m_c="-0.002543" m_d="0.999997" m_tx="1.751880" m_ty="-74.137489"/>
  </frame>
  <frame idx="900" w="251" h="333" x="-19.248119" y="-102.119514">
   <element name="battalions_backup" layername="timeline_0" frame="0" z_index="1" m_a="0.999997" m_b="0.002543" m_c="-0.002543" m_d="0.999997" m_tx="1.751880" m_ty="-74.119514"/>
  </frame>
  <frame idx="925" w="251" h="333" x="-19.248119" y="-102.101547">
   <element name="battalions_backup" layername="timeline_0" frame="0" z_index="1" m_a="0.999997" m_b="0.002543" m_c="-0.002543" m_d="0.999997" m_tx="1.751880" m_ty="-74.101547"/>
  </frame>
  <frame idx="950" w="251" h="333" x="-19.248119" y="-102.083572">
   <element name="battalions_backup" layername="timeline_0" frame="0" z_index="1" m_a="0.999997" m_b="0.002543" m_c="-0.002543" m_d="0.999997" m_tx="1.751880" m_ty="-74.083572"/>
  </frame>
  <frame idx="975" w="251" h="333" x="-19.248119" y="-102.065598">
   <element name="battalions_backup" layername="timeline_0" frame="0" z_index="1" m_a="0.999997" m_b="0.002543" m_c="-0.002543" m_d="0.999997" m_tx="1.751880" m_ty="-74.065598"/>
  </frame>
  <frame idx="1000" w="251" h="333" x="-19.248119" y="-102.047630">
   <element name="battalions_backup" layername="timeline_0" frame="0" z_index="1" m_a="0.999997" m_b="0.002543" m_c="-0.002543" m_d="0.999997" m_tx="1.751880" m_ty="-74.047630"/>
  </frame>
  <frame idx="1025" w="251" h="333" x="-19.248119" y="-102.029655">
   <element name="battalions_backup" layername="timeline_0" frame="0" z_index="1" m_a="0.999997" m_b="0.002543" m_c="-0.002543" m_d="0.999997" m_tx="1.751880" m_ty="-74.029655"/>
  </frame>
  <frame idx="1050" w="251" h="333" x="-19.248119" y="-102.011681">
   <element name="battalions_backup" layername="timeline_0" frame="0" z_index="1" m_a="0.999997" m_b="0.002543" m_c="-0.002543" m_d="0.999997" m_tx="1.751880" m_ty="-74.011681"/>
  </frame>
  <frame idx="1075" w="251" h="333" x="-19.248119" y="-101.993706">
   <element name="battalions_backup" layername="timeline_0" frame="0" z_index="1" m_a="0.999997" m_b="0.002543" m_c="-0.002543" m_d="0.999997" m_tx="1.751880" m_ty="-73.993706"/>
  </frame>
  <frame idx="1100" w="251" h="333" x="-19.248119" y="-101.975739">
   <element name="battalions_backup" layername="timeline_0" frame="0" z_index="1" m_a="0.999997" m_b="0.002543" m_c="-0.002543" m_d="0.999997" m_tx="1.751880" m_ty="-73.975739"/>
  </frame>
  <frame idx="1125" w="251" h="333" x="-19.248119" y="-101.957764">
   <element name="battalions_backup" layername="timeline_0" frame="0" z_index="1" m_a="0.999997" m_b="0.002543" m_c="-0.002543" m_d="0.999997" m_tx="1.751880" m_ty="-73.957764"/>
  </frame>
  <frame idx="1150" w="251" h="333" x="-19.248119" y="-101.939789">
   <element name="battalions_backup" layername="timeline_0" frame="0" z_index="1" m_a="0.999997" m_b="0.002543" m_c="-0.002543" m_d="0.999997" m_tx="1.751880" m_ty="-73.939789"/>
  </frame>
  <frame idx="1175" w="251" h="333" x="-19.248119" y="-101.921822">
   <element name="battalions_backup" layername="timeline_0" frame="0" z_index="1" m_a="0.999997" m_b="0.002543" m_c="-0.002543" m_d="0.999997" m_tx="1.751880" m_ty="-73.921822"/>
  </frame>
  <frame idx="1200" w="251" h="333" x="-19.248119" y="-101.903847">
   <element name="battalions_backup" layername="timeline_0" frame="0" z_index="1" m_a="0.999997" m_b="0.002543" m_c="-0.002543" m_d="0.999997" m_tx="1.751880" m_ty="-73.903847"/>
  </frame>
  <frame idx="1225" w="251" h="333" x="-19.248119" y="-101.885872">
   <element name="battalions_backup" layername="timeline_0" frame="0" z_index="1" m_a="0.999997" m_b="0.002543" m_c="-0.002543" m_d="0.999997" m_tx="1.751880" m_ty="-73.885872"/>
  </frame>
  <frame idx="1250" w="251" h="333" x="-19.248119" y="-101.867897">
   <element name="battalions_backup" layername="timeline_0" frame="0" z_index="1" m_a="0.999997" m_b="0.002543" m_c="-0.002543" m_d="0.999997" m_tx="1.751880" m_ty="-73.867897"/>
  </frame>
  <frame idx="1275" w="251" h="333" x="-19.248119" y="-101.849930">
   <element name="battalions_backup" layername="timeline_0" frame="0" z_index="1" m_a="0.999997" m_b="0.002543" m_c="-0.002543" m_d="0.999997" m_tx="1.751880" m_ty="-73.849930"/>
  </frame>
  <frame idx="1300" w="251" h="333" x="-19.248119" y="-101.831955">
   <element name="battalions_backup" layername="timeline_0" frame="0" z_index="1" m_a="0.999997" m_b="0.002543" m_c="-0.002543" m_d="0.999997" m_tx="1.751880" m_ty="-73.831955"/>
  </frame>
  <frame idx="1325" w="251" h="333" x="-19.248119" y="-101.813980">
   <element name="battalions_backup" layername="timeline_0" frame="0" z_index="1" m_a="0.999997" m_b="0.002543" m_c="-0.002543" m_d="0.999997" m_tx="1.751880" m_ty="-73.813980"/>
  </frame>
  <frame idx="1350" w="251" h="333" x="-19.248119" y="-101.796013">
   <element name="battalions_backup" layername="timeline_0" frame="0" z_index="1" m_a="0.999997" m_b="0.002543" m_c="-0.002543" m_d="0.999997" m_tx="1.751880" m_ty="-73.796013"/>
  </frame>
  <frame idx="1375" w="251" h="333" x="-19.248119" y="-101.778038">
   <element name="battalions_backup" layername="timeline_0" frame="0" z_index="1" m_a="0.999997" m_b="0.002543" m_c="-0.002543" m_d="0.999997" m_tx="1.751880" m_ty="-73.778038"/>
  </frame>
  <frame idx="1400" w="251" h="333" x="-19.248119" y="-101.760063">
   <element name="battalions_backup" layername="timeline_0" frame="0" z_index="1" m_a="0.999997" m_b="0.002543" m_c="-0.002543" m_d="0.999997" m_tx="1.751880" m_ty="-73.760063"/>
  </frame>
  <frame idx="1425" w="251" h="333" x="-19.248119" y="-101.742088">
   <element name="battalions_backup" layername="timeline_0" frame="0" z_index="1" m_a="0.999997" m_b="0.002543" m_c="-0.002543" m_d="0.999997" m_tx="1.751880" m_ty="-73.742088"/>
  </frame>
  <frame idx="1450" w="251" h="333" x="-19.248119" y="-101.724121">
   <element name="battalions_backup" layername="timeline_0" frame="0" z_index="1" m_a="0.999997" m_b="0.002543" m_c="-0.002543" m_d="0.999997" m_tx="1.751880" m_ty="-73.724121"/>
  </frame>
  <frame idx="1475" w="251" h="332" x="-19.248119" y="-101.706146">
   <element name="battalions_backup" layername="timeline_0" frame="0" z_index="1" m_a="0.999997" m_b="0.002543" m_c="-0.002543" m_d="0.999997" m_tx="1.751880" m_ty="-73.706146"/>
  </frame>
  <frame idx="1500" w="251" h="332" x="-19.248119" y="-101.688171">
   <element name="battalions_backup" layername="timeline_0" frame="0" z_index="1" m_a="0.999997" m_b="0.002543" m_c="-0.002543" m_d="0.999997" m_tx="1.751880" m_ty="-73.688171"/>
  </frame>
  <frame idx="1525" w="251" h="332" x="-19.248119" y="-101.670204">
   <element name="battalions_backup" layername="timeline_0" frame="0" z_index="1" m_a="0.999997" m_b="0.002543" m_c="-0.002543" m_d="0.999997" m_tx="1.751880" m_ty="-73.670204"/>
  </frame>
  <frame idx="1550" w="251" h="332" x="-19.248119" y="-101.652229">
   <element name="battalions_backup" layername="timeline_0" frame="0" z_index="1" m_a="0.999997" m_b="0.002543" m_c="-0.002543" m_d="0.999997" m_tx="1.751880" m_ty="-73.652229"/>
  </frame>
  <frame idx="1575" w="251" h="332" x="-19.248119" y="-101.634254">
   <element name="battalions_backup" layername="timeline_0" frame="0" z_index="1" m_a="0.999997" m_b="0.002543" m_c="-0.002543" m_d="0.999997" m_tx="1.751880" m_ty="-73.634254"/>
  </frame>
  <frame idx="1600" w="251" h="332" x="-19.248119" y="-101.616280">
   <element name="battalions_backup" layername="timeline_0" frame="0" z_index="1" m_a="0.999997" m_b="0.002543" m_c="-0.002543" m_d="0.999997" m_tx="1.751880" m_ty="-73.616280"/>
  </frame>
  <frame idx="1625" w="251" h="332" x="-19.248119" y="-101.598312">
   <element name="battalions_backup" layername="timeline_0" frame="0" z_index="1" m_a="0.999997" m_b="0.002543" m_c="-0.002543" m_d="0.999997" m_tx="1.751880" m_ty="-73.598312"/>
  </frame>
  <frame idx="1650" w="251" h="332" x="-19.248119" y="-101.580338">
   <element name="battalions_backup" layername="timeline_0" frame="0" z_index="1" m_a="0.999997" m_b="0.002543" m_c="-0.002543" m_d="0.999997" m_tx="1.751880" m_ty="-73.580338"/>
  </frame>
  <frame idx="1675" w="251" h="332" x="-19.248119" y="-101.562363">
   <element name="battalions_backup" layername="timeline_0" frame="0" z_index="1" m_a="0.999997" m_b="0.002543" m_c="-0.002543" m_d="0.999997" m_tx="1.751880" m_ty="-73.562363"/>
  </frame>
  <frame idx="1700" w="251" h="332" x="-19.248119" y="-101.544395">
   <element name="battalions_backup" layername="timeline_0" frame="0" z_index="1" m_a="0.999997" m_b="0.002543" m_c="-0.002543" m_d="0.999997" m_tx="1.751880" m_ty="-73.544395"/>
  </frame>
  <frame idx="1725" w="251" h="332" x="-19.248119" y="-101.526421">
   <element name="battalions_backup" layername="timeline_0" frame="0" z_index="1" m_a="0.999997" m_b="0.002543" m_c="-0.002543" m_d="0.999997" m_tx="1.751880" m_ty="-73.526421"/>
  </frame>
  <frame idx="1750" w="251" h="332" x="-19.248119" y="-101.508446">
   <element name="battalions_backup" layername="timeline_0" frame="0" z_index="1" m_a="0.999997" m_b="0.002543" m_c="-0.002543" m_d="0.999997" m_tx="1.751880" m_ty="-73.508446"/>
  </frame>
  <frame idx="1775" w="251" h="332" x="-19.248119" y="-101.490471">
   <element name="battalions_backup" layername="timeline_0" frame="0" z_index="1" m_a="0.999997" m_b="0.002543" m_c="-0.002543" m_d="0.999997" m_tx="1.751880" m_ty="-73.490471"/>
  </frame>
  <frame idx="1800" w="251" h="332" x="-19.248119" y="-101.472504">
   <element name="battalions_backup" layername="timeline_0" frame="0" z_index="1" m_a="0.999997" m_b="0.002543" m_c="-0.002543" m_d="0.999997" m_tx="1.751880" m_ty="-73.472504"/>
  </frame>
  <frame idx="1825" w="251" h="332" x="-19.248119" y="-101.454529">
   <element name="battalions_backup" layername="timeline_0" frame="0" z_index="1" m_a="0.999997" m_b="0.002543" m_c="-0.002543" m_d="0.999997" m_tx="1.751880" m_ty="-73.454529"/>
  </frame>
  <frame idx="1850" w="251" h="332" x="-19.248119" y="-101.436554">
   <element name="battalions_backup" layername="timeline_0" frame="0" z_index="1" m_a="0.999997" m_b="0.002543" m_c="-0.002543" m_d="0.999997" m_tx="1.751880" m_ty="-73.436554"/>
  </frame>
  <frame idx="1875" w="251" h="332" x="-19.248119" y="-101.418587">
   <element name="battalions_backup" layername="timeline_0" frame="0" z_index="1" m_a="0.999997" m_b="0.002543" m_c="-0.002543" m_d="0.999997" m_tx="1.751880" m_ty="-73.418587"/>
  </frame>
  <frame idx="1900" w="251" h="332" x="-19.248119" y="-101.400612">
   <element name="battalions_backup" layername="timeline_0" frame="0" z_index="1" m_a="0.999997" m_b="0.002543" m_c="-0.002543" m_d="0.999997" m_tx="1.751880" m_ty="-73.400612"/>
  </frame>
  <frame idx="1925" w="251" h="332" x="-19.248119" y="-101.382637">
   <element name="battalions_backup" layername="timeline_0" frame="0" z_index="1" m_a="0.999997" m_b="0.002543" m_c="-0.002543" m_d="0.999997" m_tx="1.751880" m_ty="-73.382637"/>
  </frame>
  <frame idx="1950" w="251" h="332" x="-19.248119" y="-101.364662">
   <element name="battalions_backup" layername="timeline_0" frame="0" z_index="1" m_a="0.999997" m_b="0.002543" m_c="-0.002543" m_d="0.999997" m_tx="1.751880" m_ty="-73.364662"/>
  </frame>
  <frame idx="1975" w="251" h="332" x="-19.248119" y="-101.346695">
   <element name="battalions_backup" layername="timeline_0" frame="0" z_index="1" m_a="0.999997" m_b="0.002543" m_c="-0.002543" m_d="0.999997" m_tx="1.751880" m_ty="-73.346695"/>
  </frame>
 </anim>
</Anims>
