<Anims>
 <anim name="anim" root="battalions_backup" numframes="50" framerate="40">
  <frame idx="0" w="202" h="255" x="-16.999514" y="-81.273544">
   <element name="swap_body" layername="timeline_0" frame="11" z_index="0" m_a="1.000000" m_b="0.000000" m_c="0.000000" m_d="1.000000" m_tx="2.900000" m_ty="-0.399000"/>
  </frame>
  <frame idx="25" w="202" h="255" x="-16.999514" y="-81.273544">
   <element name="swap_body" layername="timeline_0" frame="11" z_index="0" m_a="1.000000" m_b="0.000000" m_c="0.000000" m_d="1.000000" m_tx="2.900000" m_ty="-0.399000"/>
  </frame>
 </anim>
</Anims>
