<Anims>
 <anim name="equalizer_fx" root="equalizer_fx" numframes="800" framerate="40">
  <frame idx="0" w="130" h="562" x="-19.234276" y="-415.123718">
   <element name="equalizer_fx" layername="timeline_0" frame="0" z_index="1" m_a="1.000000" m_b="0.000000" m_c="0.000000" m_d="1.000000" m_tx="-7.240678" m_ty="-368.857147"/>
  </frame>
  <frame idx="25" w="130" h="562" x="-19.234276" y="-414.873718">
   <element name="equalizer_fx" layername="timeline_0" frame="0" z_index="1" m_a="1.000000" m_b="0.000000" m_c="0.000000" m_d="1.000000" m_tx="-7.240678" m_ty="-368.607147"/>
  </frame>
  <frame idx="50" w="130" h="562" x="-19.234276" y="-414.623718">
   <element name="equalizer_fx" layername="timeline_0" frame="0" z_index="1" m_a="1.000000" m_b="0.000000" m_c="0.000000" m_d="1.000000" m_tx="-7.240678" m_ty="-368.357147"/>
  </frame>
  <frame idx="75" w="130" h="562" x="-19.234276" y="-414.373718">
   <element name="equalizer_fx" layername="timeline_0" frame="0" z_index="1" m_a="1.000000" m_b="0.000000" m_c="0.000000" m_d="1.000000" m_tx="-7.240678" m_ty="-368.107147"/>
  </frame>
  <frame idx="100" w="130" h="561" x="-19.234276" y="-414.123718">
   <element name="equalizer_fx" layername="timeline_0" frame="0" z_index="1" m_a="1.000000" m_b="0.000000" m_c="0.000000" m_d="1.000000" m_tx="-7.240678" m_ty="-367.857147"/>
  </frame>
  <frame idx="125" w="130" h="561" x="-19.234276" y="-413.873718">
   <element name="equalizer_fx" layername="timeline_0" frame="0" z_index="1" m_a="1.000000" m_b="0.000000" m_c="0.000000" m_d="1.000000" m_tx="-7.240678" m_ty="-367.607147"/>
  </frame>
  <frame idx="150" w="130" h="561" x="-19.234276" y="-413.623718">
   <element name="equalizer_fx" layername="timeline_0" frame="0" z_index="1" m_a="1.000000" m_b="0.000000" m_c="0.000000" m_d="1.000000" m_tx="-7.240678" m_ty="-367.357147"/>
  </frame>
  <frame idx="175" w="130" h="561" x="-19.234276" y="-413.373718">
   <element name="equalizer_fx" layername="timeline_0" frame="0" z_index="1" m_a="1.000000" m_b="0.000000" m_c="0.000000" m_d="1.000000" m_tx="-7.240678" m_ty="-367.107147"/>
  </frame>
  <frame idx="200" w="130" h="560" x="-19.234276" y="-413.123718">
   <element name="equalizer_fx" layername="timeline_0" frame="0" z_index="1" m_a="1.000000" m_b="0.000000" m_c="0.000000" m_d="1.000000" m_tx="-7.240678" m_ty="-366.857147"/>
  </frame>
  <frame idx="225" w="130" h="560" x="-19.234276" y="-412.873718">
   <element name="equalizer_fx" layername="timeline_0" frame="0" z_index="1" m_a="1.000000" m_b="0.000000" m_c="0.000000" m_d="1.000000" m_tx="-7.240678" m_ty="-366.607147"/>
  </frame>
  <frame idx="250" w="130" h="560" x="-19.234276" y="-412.623718">
   <element name="equalizer_fx" layername="timeline_0" frame="0" z_index="1" m_a="1.000000" m_b="0.000000" m_c="0.000000" m_d="1.000000" m_tx="-7.240678" m_ty="-366.357147"/>
  </frame>
  <frame idx="275" w="130" h="560" x="-19.234276" y="-412.373718">
   <element name="equalizer_fx" layername="timeline_0" frame="0" z_index="1" m_a="1.000000" m_b="0.000000" m_c="0.000000" m_d="1.000000" m_tx="-7.240678" m_ty="-366.107147"/>
  </frame>
  <frame idx="300" w="130" h="558" x="-19.234276" y="-411.623718">
   <element name="equalizer_fx" layername="timeline_0" frame="0" z_index="1" m_a="1.000000" m_b="0.000000" m_c="0.000000" m_d="1.000000" m_tx="-7.240678" m_ty="-365.857147"/>
  </frame>
  <frame idx="325" w="130" h="558" x="-19.234276" y="-411.373718">
   <element name="equalizer_fx" layername="timeline_0" frame="0" z_index="1" m_a="1.000000" m_b="0.000000" m_c="0.000000" m_d="1.000000" m_tx="-7.240678" m_ty="-365.607147"/>
  </frame>
  <frame idx="350" w="130" h="558" x="-19.234276" y="-411.123718">
   <element name="equalizer_fx" layername="timeline_0" frame="0" z_index="1" m_a="1.000000" m_b="0.000000" m_c="0.000000" m_d="1.000000" m_tx="-7.240678" m_ty="-365.357147"/>
  </frame>
  <frame idx="375" w="130" h="558" x="-19.234276" y="-410.873718">
   <element name="equalizer_fx" layername="timeline_0" frame="0" z_index="1" m_a="1.000000" m_b="0.000000" m_c="0.000000" m_d="1.000000" m_tx="-7.240678" m_ty="-365.107147"/>
  </frame>
  <frame idx="400" w="130" h="557" x="-19.234276" y="-410.623718">
   <element name="equalizer_fx" layername="timeline_0" frame="0" z_index="1" m_a="1.000000" m_b="0.000000" m_c="0.000000" m_d="1.000000" m_tx="-7.240678" m_ty="-364.857147"/>
  </frame>
  <frame idx="425" w="130" h="558" x="-19.234276" y="-410.873718">
   <element name="equalizer_fx" layername="timeline_0" frame="0" z_index="1" m_a="1.000000" m_b="0.000000" m_c="0.000000" m_d="1.000000" m_tx="-7.240678" m_ty="-365.107147"/>
  </frame>
  <frame idx="450" w="130" h="558" x="-19.234276" y="-411.123718">
   <element name="equalizer_fx" layername="timeline_0" frame="0" z_index="1" m_a="1.000000" m_b="0.000000" m_c="0.000000" m_d="1.000000" m_tx="-7.240678" m_ty="-365.357147"/>
  </frame>
  <frame idx="475" w="130" h="558" x="-19.234276" y="-411.373718">
   <element name="equalizer_fx" layername="timeline_0" frame="0" z_index="1" m_a="1.000000" m_b="0.000000" m_c="0.000000" m_d="1.000000" m_tx="-7.240678" m_ty="-365.607147"/>
  </frame>
  <frame idx="500" w="130" h="558" x="-19.234276" y="-411.623718">
   <element name="equalizer_fx" layername="timeline_0" frame="0" z_index="1" m_a="1.000000" m_b="0.000000" m_c="0.000000" m_d="1.000000" m_tx="-7.240678" m_ty="-365.857147"/>
  </frame>
  <frame idx="525" w="130" h="560" x="-19.234276" y="-412.373718">
   <element name="equalizer_fx" layername="timeline_0" frame="0" z_index="1" m_a="1.000000" m_b="0.000000" m_c="0.000000" m_d="1.000000" m_tx="-7.240678" m_ty="-366.107147"/>
  </frame>
  <frame idx="550" w="130" h="560" x="-19.234276" y="-412.623718">
   <element name="equalizer_fx" layername="timeline_0" frame="0" z_index="1" m_a="1.000000" m_b="0.000000" m_c="0.000000" m_d="1.000000" m_tx="-7.240678" m_ty="-366.357147"/>
  </frame>
  <frame idx="575" w="130" h="560" x="-19.234276" y="-412.873718">
   <element name="equalizer_fx" layername="timeline_0" frame="0" z_index="1" m_a="1.000000" m_b="0.000000" m_c="0.000000" m_d="1.000000" m_tx="-7.240678" m_ty="-366.607147"/>
  </frame>
  <frame idx="600" w="130" h="560" x="-19.234276" y="-413.123718">
   <element name="equalizer_fx" layername="timeline_0" frame="0" z_index="1" m_a="1.000000" m_b="0.000000" m_c="0.000000" m_d="1.000000" m_tx="-7.240678" m_ty="-366.857147"/>
  </frame>
  <frame idx="625" w="130" h="561" x="-19.234276" y="-413.373718">
   <element name="equalizer_fx" layername="timeline_0" frame="0" z_index="1" m_a="1.000000" m_b="0.000000" m_c="0.000000" m_d="1.000000" m_tx="-7.240678" m_ty="-367.107147"/>
  </frame>
  <frame idx="650" w="130" h="561" x="-19.234276" y="-413.623718">
   <element name="equalizer_fx" layername="timeline_0" frame="0" z_index="1" m_a="1.000000" m_b="0.000000" m_c="0.000000" m_d="1.000000" m_tx="-7.240678" m_ty="-367.357147"/>
  </frame>
  <frame idx="675" w="130" h="561" x="-19.234276" y="-413.873718">
   <element name="equalizer_fx" layername="timeline_0" frame="0" z_index="1" m_a="1.000000" m_b="0.000000" m_c="0.000000" m_d="1.000000" m_tx="-7.240678" m_ty="-367.607147"/>
  </frame>
  <frame idx="700" w="130" h="561" x="-19.234276" y="-414.123718">
   <element name="equalizer_fx" layername="timeline_0" frame="0" z_index="1" m_a="1.000000" m_b="0.000000" m_c="0.000000" m_d="1.000000" m_tx="-7.240678" m_ty="-367.857147"/>
  </frame>
  <frame idx="725" w="130" h="562" x="-19.234276" y="-414.373718">
   <element name="equalizer_fx" layername="timeline_0" frame="0" z_index="1" m_a="1.000000" m_b="0.000000" m_c="0.000000" m_d="1.000000" m_tx="-7.240678" m_ty="-368.107147"/>
  </frame>
  <frame idx="750" w="130" h="562" x="-19.234276" y="-414.623718">
   <element name="equalizer_fx" layername="timeline_0" frame="0" z_index="1" m_a="1.000000" m_b="0.000000" m_c="0.000000" m_d="1.000000" m_tx="-7.240678" m_ty="-368.357147"/>
  </frame>
  <frame idx="775" w="130" h="562" x="-19.234276" y="-414.873718">
   <element name="equalizer_fx" layername="timeline_0" frame="0" z_index="1" m_a="1.000000" m_b="0.000000" m_c="0.000000" m_d="1.000000" m_tx="-7.240678" m_ty="-368.607147"/>
  </frame>
 </anim>
</Anims>
